code,dispensing_patients
A81001,0
A81002,0
A81004,0
A81005,0
A81006,0
A81007,0
A81009,0
A81011,0
A81012,0
A81013,0
A81014,0
A81015,0
A81016,0
A81017,0
A81018,0
A81019,0
A81020,0
A81021,0
A81022,0
A81023,0
A81025,0
A81026,0
A81027,0
A81029,0
A81030,0
A81031,0
A81032,0
A81033,0
A81034,0
A81035,0
A81036,0
A81037,0
A81038,0
A81039,0
A81040,0
A81041,0
A81042,0
A81043,0
A81044,0
A81045,0
A81046,0
A81047,0
A81048,0
A81049,0
A81051,0
A81052,0
A81053,0
A81054,0
A81056,0
A81057,0
A81058,0
A81060,0
A81063,0
A81064,0
A81065,0
A81066,3221
A81067,0
A81070,0
A81602,0
A81608,0
A81610,0
A81611,0
A81612,0
A81618,0
A81621,0
A81622,0
A81629,0
A81630,0
A81631,0
A81632,0
A81633,0
A81634,0
A82003,0
A82004,1087
A82005,0
A82006,0
A82007,0
A82008,0
A82009,0
A82010,0
A82012,11116
A82013,4415
A82014,3787
A82015,0
A82016,0
A82018,0
A82019,0
A82020,0
A82021,3285
A82022,3999
A82023,3009
A82024,3838
A82025,0
A82026,3778
A82027,1876
A82028,2438
A82029,3116
A82030,3930
A82031,2855
A82032,0
A82033,0
A82034,2545
A82035,0
A82036,0
A82037,0
A82038,3714
A82039,0
A82041,0
A82044,0
A82045,0
A82046,0
A82047,0
A82048,0
A82049,0
A82050,0
A82053,0
A82055,0
A82058,0
A82060,544
A82062,0
A82063,0
A82064,0
A82065,0
A82068,0
A82070,1163
A82071,0
A82072,0
A82074,0
A82075,0
A82077,0
A82608,1754
A82613,963
A82617,2436
A82620,693
A82621,1533
A82623,285
A82629,0
A82631,2926
A82646,0
A82647,1677
A82650,2344
A82651,3092
A82654,0
A83001,1088
A83003,0
A83004,0
A83005,0
A83006,0
A83007,0
A83008,0
A83009,0
A83010,0
A83011,0
A83012,0
A83013,0
A83014,1276
A83015,0
A83016,0
A83017,0
A83018,0
A83019,0
A83020,0
A83021,2359
A83022,1269
A83023,0
A83024,895
A83025,0
A83026,0
A83027,0
A83028,0
A83029,0
A83030,0
A83031,0
A83032,1183
A83033,415
A83034,0
A83035,1327
A83036,0
A83037,1542
A83038,0
A83040,0
A83041,0
A83042,0
A83043,1492
A83044,0
A83045,0
A83046,3832
A83047,0
A83048,2101
A83049,0
A83050,0
A83051,0
A83052,0
A83054,0
A83055,0
A83057,0
A83060,2148
A83061,3209
A83066,0
A83070,796
A83071,0
A83072,0
A83073,0
A83074,0
A83075,0
A83076,0
A83603,0
A83610,0
A83616,0
A83617,159
A83618,2191
A83619,0
A83622,1289
A83626,1588
A83627,0
A83630,0
A83632,0
A83634,0
A83635,0
A83636,0
A83637,13
A83641,0
A83642,0
A83643,0
A83644,0
A83645,0
A84002,0
A84003,0
A84005,0
A84006,2523
A84007,2493
A84008,2165
A84009,0
A84011,2513
A84013,510
A84014,0
A84015,0
A84016,0
A84018,3022
A84020,0
A84021,671
A84022,0
A84024,0
A84025,0
A84026,0
A84027,0
A84028,0
A84029,2096
A84030,0
A84031,0
A84032,1390
A84033,0
A84034,0
A84035,1114
A84036,0
A84037,0
A84038,0
A84039,1534
A84040,3188
A84042,1903
A84043,0
A84044,1408
A84045,1462
A84047,1135
A84048,0
A84604,1059
A84609,1515
A84614,0
A84619,0
A85001,0
A85002,0
A85003,688
A85004,0
A85005,0
A85006,0
A85007,0
A85008,0
A85009,0
A85010,0
A85011,0
A85012,0
A85013,0
A85014,0
A85016,0
A85017,0
A85018,0
A85019,0
A85020,0
A85021,0
A85023,0
A85024,159
A85026,0
A85605,0
A85609,0
A85611,0
A85614,0
A85616,0
A85617,0
A85619,0
A85620,0
A85621,0
A86003,0
A86004,0
A86005,0
A86006,0
A86007,0
A86008,0
A86010,0
A86011,0
A86012,0
A86013,0
A86015,0
A86016,0
A86017,0
A86018,0
A86020,0
A86021,0
A86022,0
A86023,0
A86024,0
A86025,0
A86026,0
A86027,0
A86028,0
A86029,0
A86030,0
A86031,0
A86033,0
A86035,0
A86036,0
A86037,0
A86038,0
A86040,0
A86041,0
A86601,0
A87002,0
A87003,0
A87004,0
A87005,0
A87006,0
A87007,0
A87008,0
A87009,0
A87011,0
A87012,0
A87013,0
A87014,0
A87015,0
A87016,0
A87017,450
A87019,0
A87020,0
A87022,0
A87023,0
A87027,0
A87029,0
A87030,0
A87600,0
A87612,0
A87615,0
A88001,0
A88002,0
A88003,0
A88004,0
A88005,0
A88006,0
A88007,0
A88008,0
A88009,0
A88010,0
A88011,0
A88012,0
A88013,0
A88014,0
A88015,0
A88016,0
A88020,0
A88022,0
A88023,0
A88025,0
A88601,0
A88603,0
A88608,0
A88611,0
A88613,0
A88614,0
A89001,0
A89002,0
A89003,0
A89004,0
A89005,0
A89006,0
A89007,0
A89008,0
A89009,0
A89010,0
A89011,0
A89012,0
A89013,0
A89014,0
A89015,0
A89016,0
A89017,0
A89018,0
A89019,0
A89020,0
A89021,0
A89022,0
A89023,0
A89024,0
A89025,0
A89026,0
A89027,0
A89028,0
A89029,0
A89030,0
A89031,0
A89032,0
A89034,0
A89035,0
A89036,0
A89040,0
A89041,0
A89042,0
A89603,0
A89604,0
A89610,0
A89612,0
A89614,0
A89616,0
A89617,0
A89620,0
A89623,0
A89624,0
A89632,0
A89634,0
B81002,0
B81003,0
B81004,3276
B81005,5004
B81006,0
B81007,4731
B81008,0
B81009,1680
B81010,0
B81011,0
B81012,0
B81013,0
B81014,0
B81015,0
B81016,0
B81017,0
B81018,0
B81020,320
B81021,0
B81022,0
B81023,0
B81024,0
B81025,3414
B81026,0
B81027,0
B81029,6106
B81030,0
B81031,0
B81032,0
B81034,8557
B81035,0
B81036,6543
B81037,7113
B81038,0
B81039,5201
B81040,0
B81041,2751
B81042,2601
B81043,9884
B81045,0
B81046,0
B81047,0
B81048,0
B81049,0
B81050,5661
B81051,0
B81052,0
B81053,0
B81054,0
B81055,0
B81056,0
B81058,0
B81060,0
B81061,7165
B81062,5235
B81063,3030
B81064,0
B81065,3967
B81066,0
B81068,0
B81069,0
B81070,0
B81074,0
B81075,0
B81077,0
B81080,0
B81081,0
B81082,0
B81084,0
B81085,0
B81087,0
B81088,0
B81089,0
B81090,0
B81091,0
B81092,5310
B81094,0
B81095,0
B81097,0
B81099,2028
B81100,0
B81101,928
B81104,0
B81108,0
B81109,4732
B81112,0
B81113,0
B81118,0
B81119,0
B81121,0
B81602,0
B81603,0
B81606,0
B81616,0
B81617,0
B81619,0
B81620,0
B81628,2926
B81631,0
B81635,0
B81642,0
B81645,0
B81647,452
B81648,1156
B81653,0
B81655,0
B81656,0
B81658,0
B81663,0
B81664,0
B81665,5
B81666,0
B81675,0
B81677,0
B81682,0
B81685,0
B81688,0
B81689,0
B81692,0
B81693,0
B81696,0
B81697,0
B82001,0
B82002,3072
B82004,8197
B82005,0
B82007,5133
B82008,2536
B82010,1802
B82011,4765
B82012,2333
B82013,0
B82014,0
B82016,0
B82017,2808
B82018,5296
B82019,2587
B82020,0
B82021,0
B82022,0
B82023,0
B82024,0
B82025,3157
B82026,1548
B82027,0
B82028,0
B82029,3161
B82030,3639
B82031,3149
B82032,6038
B82033,2376
B82034,1525
B82035,3383
B82036,1414
B82037,1164
B82038,0
B82041,3740
B82042,3242
B82044,0
B82045,3138
B82046,2259
B82047,0
B82049,2645
B82050,8899
B82053,0
B82054,1977
B82057,5622
B82059,884
B82060,0
B82061,2601
B82062,1916
B82063,4482
B82064,3107
B82066,0
B82067,0
B82068,3003
B82069,1682
B82071,1476
B82072,1601
B82073,4197
B82074,2002
B82075,3298
B82077,0
B82078,3611
B82079,2839
B82080,4221
B82081,6210
B82083,0
B82086,2186
B82088,0
B82091,0
B82092,0
B82097,0
B82098,0
B82100,0
B82101,3428
B82103,0
B82104,0
B82105,2739
B82106,700
B82609,3859
B82611,0
B82619,1085
B82622,1587
B82628,0
B82634,0
B82635,0
B82636,0
B82638,0
B82640,0
B83002,0
B83005,0
B83006,0
B83007,0
B83008,0
B83009,0
B83010,0
B83011,0
B83012,0
B83013,0
B83014,0
B83015,0
B83016,0
B83017,0
B83018,0
B83019,0
B83020,0
B83021,0
B83022,0
B83023,0
B83025,0
B83026,0
B83027,2353
B83028,0
B83029,0
B83030,0
B83031,0
B83032,0
B83033,0
B83034,0
B83035,0
B83037,0
B83038,0
B83039,0
B83040,0
B83041,0
B83042,0
B83043,0
B83044,0
B83045,0
B83049,0
B83050,0
B83051,0
B83052,0
B83054,0
B83055,0
B83056,0
B83058,0
B83061,0
B83062,0
B83063,0
B83064,0
B83067,0
B83069,0
B83070,0
B83602,0
B83604,0
B83611,0
B83613,0
B83614,0
B83617,0
B83620,306
B83621,0
B83622,0
B83624,0
B83626,0
B83627,0
B83628,0
B83629,0
B83631,0
B83638,0
B83641,0
B83642,0
B83653,0
B83656,0
B83657,0
B83659,0
B83660,0
B83661,0
B83662,0
B83666,0
B83667,0
B83690,0
B83693,0
B83695,0
B83696,0
B83699,0
B84001,0
B84002,0
B84003,0
B84004,0
B84005,0
B84006,0
B84007,0
B84008,0
B84009,0
B84010,0
B84011,0
B84012,0
B84013,0
B84014,0
B84016,0
B84017,0
B84019,0
B84021,0
B84610,0
B84612,0
B84613,0
B84615,0
B84618,0
B84623,0
B85001,0
B85002,0
B85004,0
B85005,0
B85006,0
B85008,0
B85009,0
B85010,0
B85012,0
B85014,0
B85015,0
B85016,0
B85018,0
B85019,0
B85020,0
B85021,0
B85022,0
B85023,0
B85024,0
B85025,0
B85026,0
B85027,0
B85028,0
B85030,0
B85031,0
B85032,0
B85033,0
B85036,0
B85037,0
B85038,0
B85041,0
B85042,0
B85044,0
B85048,0
B85051,0
B85054,0
B85055,0
B85058,0
B85059,0
B85060,0
B85061,0
B85062,0
B85606,0
B85610,2577
B85611,0
B85612,0
B85614,0
B85619,0
B85620,0
B85621,0
B85622,0
B85623,0
B85634,0
B85636,0
B85638,0
B85640,0
B85641,0
B85645,0
B85646,0
B85650,0
B85652,0
B85655,0
B85657,0
B85658,0
B85659,0
B85660,0
B86001,0
B86002,0
B86003,0
B86004,0
B86005,0
B86006,0
B86007,0
B86008,0
B86009,1734
B86010,5797
B86011,0
B86012,0
B86013,0
B86014,0
B86015,0
B86016,0
B86017,0
B86018,0
B86019,0
B86020,0
B86022,0
B86023,0
B86024,0
B86025,0
B86028,0
B86029,0
B86030,0
B86031,0
B86032,0
B86033,0
B86034,0
B86035,0
B86036,1074
B86037,0
B86038,0
B86039,0
B86041,0
B86042,0
B86043,0
B86044,0
B86047,0
B86048,3876
B86049,0
B86050,0
B86051,0
B86052,0
B86054,0
B86055,0
B86056,0
B86057,0
B86058,0
B86059,0
B86060,0
B86061,0
B86062,0
B86064,0
B86066,0
B86067,0
B86068,0
B86069,0
B86070,0
B86071,0
B86074,0
B86075,0
B86077,0
B86081,0
B86086,0
B86089,0
B86092,0
B86093,0
B86094,0
B86095,0
B86096,0
B86100,0
B86101,0
B86103,0
B86104,0
B86106,0
B86108,0
B86109,0
B86110,0
B86623,0
B86625,1350
B86633,0
B86638,0
B86642,0
B86643,0
B86648,0
B86654,0
B86655,0
B86658,0
B86666,0
B86667,0
B86669,0
B86670,0
B86672,0
B86673,1768
B86674,0
B86675,0
B86678,0
B86681,0
B86682,0
B86684,0
B86685,0
B87001,3642
B87002,0
B87003,0
B87004,0
B87005,0
B87006,0
B87007,0
B87008,0
B87009,0
B87011,0
B87012,0
B87013,0
B87015,0
B87016,1321
B87017,0
B87018,0
B87019,0
B87020,0
B87021,0
B87022,0
B87023,0
B87025,0
B87026,0
B87027,0
B87028,0
B87029,0
B87030,2837
B87031,0
B87032,0
B87033,0
B87036,0
B87039,0
B87040,0
B87041,0
B87042,0
B87044,0
B87600,0
B87602,0
B87604,0
B87614,0
B87616,0
C81001,0
C81002,0
C81003,0
C81004,0
C81005,0
C81006,0
C81007,0
C81008,0
C81009,0
C81010,0
C81012,0
C81013,3991
C81014,0
C81015,0
C81016,2045
C81017,2497
C81018,3423
C81019,0
C81020,0
C81021,0
C81022,0
C81023,0
C81025,0
C81026,0
C81027,0
C81028,0
C81029,0
C81030,2650
C81031,0
C81032,0
C81033,0
C81034,0
C81035,0
C81036,0
C81037,3457
C81038,0
C81039,3004
C81040,0
C81041,4186
C81042,0
C81044,0
C81045,0
C81046,1328
C81047,2619
C81048,0
C81049,0
C81050,0
C81051,0
C81052,0
C81053,0
C81054,0
C81055,0
C81056,0
C81057,0
C81058,0
C81059,0
C81060,0
C81061,326
C81062,0
C81063,0
C81064,0
C81065,0
C81066,0
C81067,0
C81068,0
C81069,0
C81070,0
C81071,0
C81072,0
C81073,0
C81074,0
C81075,5354
C81076,1462
C81077,0
C81080,0
C81081,0
C81082,2979
C81083,0
C81084,0
C81086,3277
C81087,0
C81089,0
C81090,0
C81091,0
C81092,4071
C81094,2320
C81095,0
C81096,0
C81097,0
C81099,0
C81100,0
C81101,0
C81104,1361
C81106,0
C81108,0
C81110,0
C81113,0
C81114,0
C81115,0
C81118,0
C81604,0
C81611,1992
C81615,0
C81616,0
C81629,0
C81634,0
C81638,0
C81640,0
C81642,0
C81647,0
C81648,0
C81649,637
C81652,0
C81653,0
C81654,0
C81655,0
C81658,0
C81660,0
C81661,0
C81662,569
C81667,0
C81672,0
C81673,0
C81674,0
C81678,0
C81679,0
C81680,0
C82001,1285
C82002,903
C82003,0
C82005,0
C82007,0
C82008,0
C82009,4304
C82010,0
C82011,0
C82012,1941
C82013,0
C82014,0
C82015,0
C82016,5269
C82017,6527
C82018,0
C82019,0
C82020,0
C82021,0
C82022,3589
C82023,0
C82024,0
C82025,0
C82026,0
C82027,1076
C82028,0
C82029,0
C82030,0
C82031,0
C82032,0
C82033,0
C82034,0
C82035,0
C82036,2491
C82037,0
C82038,0
C82039,0
C82040,1628
C82041,0
C82042,0
C82043,0
C82044,5081
C82045,0
C82046,0
C82047,0
C82048,0
C82050,0
C82051,4207
C82052,0
C82053,0
C82054,1523
C82055,0
C82056,0
C82059,0
C82060,0
C82061,0
C82062,0
C82063,0
C82064,0
C82066,0
C82067,0
C82068,0
C82070,0
C82071,0
C82072,0
C82073,0
C82075,1579
C82076,2213
C82077,5808
C82078,0
C82079,0
C82080,0
C82082,0
C82084,0
C82086,0
C82088,0
C82091,0
C82092,0
C82093,2576
C82094,0
C82095,0
C82096,0
C82097,0
C82098,0
C82099,0
C82100,0
C82102,3535
C82103,1937
C82105,0
C82107,0
C82108,0
C82109,3428
C82111,0
C82112,0
C82114,0
C82116,0
C82119,0
C82120,0
C82121,0
C82122,0
C82123,1133
C82124,0
C82600,0
C82610,0
C82611,0
C82614,0
C82620,0
C82623,0
C82624,0
C82626,0
C82627,0
C82628,0
C82631,0
C82634,0
C82639,0
C82642,0
C82643,0
C82644,0
C82649,3253
C82650,0
C82651,0
C82653,0
C82656,0
C82657,0
C82659,0
C82660,0
C82662,0
C82663,0
C82667,0
C82669,0
C82670,0
C82671,0
C82676,0
C82678,0
C82680,0
C83001,0
C83002,1606
C83003,2467
C83004,0
C83005,3826
C83006,1083
C83007,4647
C83008,0
C83009,0
C83010,0
C83011,2066
C83013,1889
C83014,0
C83015,3135
C83016,0
C83017,4086
C83018,0
C83019,1485
C83020,8682
C83021,0
C83022,2627
C83023,4001
C83024,3238
C83025,0
C83026,7151
C83027,2474
C83028,2832
C83029,1142
C83030,4650
C83031,3792
C83032,3443
C83033,3221
C83035,3786
C83036,4867
C83037,3159
C83038,2949
C83039,5150
C83040,0
C83041,0
C83042,5289
C83043,4738
C83044,0
C83045,2628
C83046,0
C83047,0
C83048,0
C83049,6374
C83051,0
C83052,3180
C83053,2357
C83054,4021
C83055,5155
C83056,2869
C83057,1249
C83058,0
C83059,0
C83060,0
C83061,5089
C83062,1814
C83063,6071
C83064,0
C83065,2344
C83067,5389
C83068,876
C83071,0
C83072,0
C83073,0
C83074,3386
C83075,0
C83078,0
C83079,0
C83080,0
C83082,0
C83083,2845
C83085,1919
C83605,1893
C83611,5924
C83613,2360
C83614,2648
C83617,1743
C83626,0
C83628,872
C83631,560
C83633,1316
C83634,856
C83635,3076
C83637,0
C83641,2604
C83643,2266
C83649,4098
C83650,3506
C83652,0
C83653,1455
C84001,0
C84002,0
C84003,0
C84004,0
C84005,1272
C84008,2752
C84009,0
C84010,0
C84011,0
C84012,0
C84013,0
C84014,0
C84016,0
C84017,7238
C84018,0
C84019,0
C84020,0
C84021,0
C84023,0
C84024,0
C84025,5631
C84026,0
C84028,0
C84029,0
C84030,0
C84031,0
C84032,284
C84033,0
C84034,0
C84035,0
C84036,0
C84037,0
C84039,0
C84042,0
C84043,0
C84044,0
C84045,2449
C84046,0
C84047,2296
C84048,2744
C84049,4909
C84051,0
C84052,6066
C84053,0
C84055,0
C84057,0
C84059,0
C84060,0
C84061,0
C84063,0
C84064,0
C84065,0
C84066,0
C84067,0
C84069,0
C84072,0
C84074,0
C84076,0
C84077,0
C84078,0
C84080,0
C84081,0
C84084,0
C84085,0
C84086,0
C84087,0
C84090,0
C84091,0
C84092,0
C84094,0
C84095,0
C84096,0
C84101,1556
C84103,0
C84104,0
C84105,0
C84106,0
C84107,0
C84112,0
C84113,0
C84114,0
C84115,0
C84116,0
C84117,0
C84120,0
C84122,0
C84123,0
C84124,0
C84125,403
C84127,0
C84129,0
C84131,0
C84133,0
C84135,0
C84136,0
C84138,0
C84140,0
C84142,0
C84144,0
C84145,0
C84150,0
C84151,0
C84602,0
C84605,0
C84612,0
C84613,801
C84619,0
C84621,0
C84624,0
C84628,0
C84629,0
C84633,0
C84635,0
C84637,0
C84646,871
C84647,0
C84650,0
C84654,1
C84656,0
C84658,0
C84660,4018
C84664,0
C84667,0
C84672,0
C84676,0
C84679,0
C84680,0
C84682,0
C84683,0
C84688,0
C84691,0
C84692,2637
C84693,0
C84694,0
C84695,0
C84696,0
C84698,0
C84703,0
C84704,0
C84705,0
C84709,0
C84710,0
C84712,0
C84714,0
C84717,0
C84720,0
C84721,0
C85001,0
C85003,0
C85004,7555
C85005,0
C85006,0
C85007,0
C85008,0
C85009,0
C85010,0
C85013,0
C85014,0
C85015,0
C85016,0
C85017,0
C85018,0
C85019,0
C85020,575
C85022,0
C85023,0
C85024,0
C85026,0
C85028,0
C85030,0
C85033,0
C85614,0
C85619,0
C85622,0
C85623,1518
C85628,0
C85629,0
C86001,0
C86002,0
C86003,0
C86005,0
C86006,0
C86007,0
C86009,3742
C86011,0
C86012,0
C86013,0
C86014,0
C86015,0
C86016,0
C86017,0
C86018,0
C86019,0
C86020,0
C86021,0
C86022,0
C86023,0
C86024,0
C86025,0
C86026,0
C86029,0
C86030,0
C86032,0
C86033,0
C86034,0
C86037,0
C86038,0
C86039,0
C86605,0
C86606,0
C86609,892
C86611,0
C86613,0
C86614,0
C86616,0
C86621,0
C86623,0
C86625,0
C86626,0
C87002,1323
C87003,0
C87004,2434
C87005,0
C87006,0
C87007,0
C87008,0
C87009,0
C87010,0
C87012,0
C87013,0
C87014,0
C87015,0
C87016,811
C87017,0
C87018,0
C87020,0
C87022,0
C87023,0
C87024,0
C87029,0
C87030,0
C87031,0
C87603,0
C87604,326
C87606,0
C87608,0
C87616,0
C87620,0
C87621,0
C87622,0
C88005,0
C88006,0
C88007,0
C88008,0
C88009,0
C88010,0
C88011,0
C88014,0
C88015,0
C88016,0
C88018,0
C88019,0
C88020,0
C88021,0
C88022,0
C88023,0
C88024,0
C88025,0
C88026,0
C88027,0
C88028,0
C88030,0
C88031,0
C88032,0
C88033,0
C88034,0
C88035,0
C88036,0
C88037,0
C88038,0
C88039,0
C88040,1205
C88041,0
C88042,0
C88043,0
C88044,0
C88045,0
C88046,0
C88047,0
C88048,0
C88049,0
C88050,0
C88051,0
C88052,0
C88053,0
C88054,0
C88057,0
C88059,0
C88060,0
C88062,0
C88068,0
C88069,0
C88070,0
C88072,0
C88073,0
C88074,437
C88076,0
C88077,0
C88078,0
C88079,0
C88082,0
C88083,0
C88084,0
C88085,0
C88086,0
C88087,0
C88088,0
C88090,0
C88091,0
C88092,0
C88095,0
C88096,0
C88622,0
C88627,0
C88631,0
C88643,0
C88647,0
C88648,0
C88652,0
C88655,0
C88656,0
D81001,0
D81002,2827
D81003,0
D81004,4099
D81005,0
D81007,0
D81008,6813
D81009,0
D81010,0
D81011,4026
D81012,0
D81013,0
D81014,8856
D81015,5148
D81016,0
D81017,0
D81018,2365
D81019,0
D81020,0
D81021,2097
D81022,922
D81023,0
D81024,0
D81025,0
D81026,0
D81027,1026
D81028,0
D81029,151
D81030,3810
D81031,0
D81032,0
D81033,977
D81034,3866
D81035,9091
D81036,2068
D81037,0
D81038,4757
D81039,1334
D81040,1377
D81041,5705
D81042,370
D81043,11858
D81044,0
D81045,2664
D81046,2095
D81047,3134
D81049,2898
D81050,0
D81051,2305
D81052,0
D81053,0
D81054,0
D81055,5241
D81056,0
D81057,0
D81058,6519
D81059,2431
D81060,1719
D81061,1461
D81062,3969
D81063,0
D81064,0
D81065,0
D81066,0
D81070,0
D81071,4174
D81073,0
D81074,692
D81078,0
D81081,2482
D81082,0
D81084,3275
D81085,2806
D81086,0
D81087,2210
D81602,0
D81603,0
D81605,0
D81606,878
D81607,2260
D81611,2031
D81612,346
D81615,0
D81616,0
D81618,338
D81619,1925
D81620,0
D81622,0
D81623,864
D81624,0
D81625,0
D81629,0
D81630,0
D81631,0
D81633,0
D81634,0
D81636,0
D81637,0
D81638,0
D81639,0
D81641,0
D81643,0
D81645,0
D82001,10596
D82002,0
D82003,0
D82004,3400
D82005,1394
D82006,4437
D82007,0
D82008,0
D82009,4778
D82010,4903
D82011,0
D82012,0
D82013,0
D82015,3414
D82016,4627
D82017,0
D82018,0
D82019,0
D82020,0
D82022,2156
D82023,589
D82024,457
D82025,5107
D82026,0
D82027,414
D82028,4380
D82029,3957
D82030,3984
D82031,2423
D82032,4146
D82034,6115
D82035,6650
D82036,5151
D82037,6487
D82038,1071
D82039,5368
D82040,0
D82041,0
D82042,5630
D82043,6744
D82044,1058
D82045,0
D82046,4114
D82047,0
D82048,0
D82049,3571
D82050,688
D82051,0
D82053,2554
D82054,5893
D82056,9498
D82057,3534
D82058,2028
D82059,3340
D82060,0
D82062,3255
D82063,0
D82064,3885
D82065,3400
D82066,2097
D82067,0
D82068,4238
D82069,0
D82070,6030
D82071,0
D82072,3142
D82073,0
D82076,0
D82078,4739
D82079,4937
D82080,5687
D82081,0
D82084,3503
D82085,3229
D82087,0
D82088,0
D82096,0
D82099,1885
D82100,3659
D82104,6300
D82105,2814
D82106,0
D82600,1480
D82604,2977
D82613,0
D82618,0
D82621,4269
D82624,1488
D82628,2684
D82632,0
D82641,0
D82643,0
D83001,0
D83002,0
D83003,4495
D83004,0
D83005,2946
D83006,5863
D83007,6075
D83008,0
D83009,0
D83010,1837
D83011,0
D83012,3131
D83013,4081
D83014,1159
D83015,0
D83016,0
D83017,5009
D83018,3988
D83019,7143
D83020,7857
D83021,0
D83022,1308
D83023,0
D83024,0
D83026,5516
D83027,3375
D83028,1869
D83029,3886
D83030,0
D83033,4763
D83034,3808
D83035,4459
D83036,0
D83037,6641
D83038,0
D83039,0
D83040,2532
D83041,6506
D83043,3554
D83044,4429
D83045,1595
D83046,0
D83047,0
D83048,0
D83049,1601
D83050,0
D83051,0
D83053,4486
D83054,3656
D83055,6265
D83056,0
D83057,2723
D83058,0
D83059,0
D83060,5419
D83061,3806
D83062,0
D83064,1755
D83067,3010
D83069,5153
D83070,4820
D83073,0
D83074,0
D83075,0
D83076,0
D83078,2429
D83079,1959
D83080,446
D83081,0
D83082,0
D83084,0
D83608,0
D83610,2605
D83615,480
D83619,0
E81001,0
E81002,0
E81003,1978
E81004,0
E81005,0
E81006,0
E81007,5925
E81008,0
E81009,0
E81010,0
E81011,0
E81012,2748
E81013,0
E81014,0
E81015,3439
E81016,0
E81017,0
E81018,0
E81019,0
E81021,0
E81022,1430
E81023,0
E81024,3473
E81025,0
E81026,0
E81027,0
E81028,0
E81029,0
E81030,0
E81031,4388
E81032,0
E81033,0
E81034,0
E81035,1056
E81036,866
E81037,1698
E81038,591
E81040,1259
E81041,0
E81043,0
E81044,2484
E81045,0
E81046,3814
E81047,0
E81048,0
E81049,916
E81050,4223
E81052,0
E81054,0
E81056,0
E81057,885
E81059,930
E81060,138
E81061,2193
E81062,0
E81063,0
E81064,0
E81065,0
E81069,0
E81073,0
E81074,3746
E81075,0
E81076,0
E81077,0
E81611,0
E81612,0
E81615,0
E81617,0
E81626,0
E81631,0
E81632,0
E81633,0
E81635,0
E81636,0
E81637,0
E81639,0
E82001,5726
E82002,0
E82004,0
E82005,0
E82006,0
E82007,0
E82008,0
E82009,0
E82011,3218
E82012,0
E82013,0
E82014,0
E82015,0
E82017,0
E82018,0
E82019,14
E82020,0
E82021,5783
E82022,0
E82023,0
E82024,0
E82025,0
E82027,0
E82028,0
E82031,0
E82032,0
E82034,0
E82035,0
E82037,0
E82038,0
E82039,0
E82040,0
E82041,0
E82042,0
E82043,0
E82044,0
E82045,0
E82046,0
E82048,0
E82049,0
E82050,0
E82051,0
E82053,740
E82054,0
E82055,0
E82056,0
E82057,0
E82058,0
E82059,0
E82060,0
E82061,0
E82062,0
E82063,0
E82064,0
E82066,0
E82067,0
E82068,0
E82069,0
E82070,0
E82071,0
E82072,1464
E82073,0
E82074,0
E82075,0
E82076,0
E82077,0
E82078,0
E82079,0
E82080,0
E82081,0
E82082,0
E82083,0
E82084,0
E82085,0
E82086,1101
E82088,0
E82089,0
E82090,0
E82091,0
E82092,0
E82093,0
E82094,0
E82095,0
E82096,0
E82098,0
E82099,0
E82100,0
E82102,0
E82104,0
E82105,0
E82106,617
E82107,0
E82109,0
E82111,0
E82113,0
E82115,0
E82117,0
E82121,4618
E82123,0
E82124,0
E82126,0
E82129,0
E82130,0
E82131,0
E82132,759
E82133,0
E82603,0
E82613,0
E82620,604
E82626,2386
E82627,0
E82630,0
E82638,0
E82640,0
E82641,14
E82643,0
E82644,0
E82652,0
E82654,0
E82655,0
E82656,0
E82657,0
E82661,0
E82663,1421
E82667,0
E83003,0
E83005,0
E83006,0
E83007,0
E83008,0
E83009,0
E83010,0
E83011,0
E83012,0
E83013,0
E83016,0
E83017,0
E83018,0
E83020,0
E83021,0
E83024,0
E83025,0
E83026,0
E83027,0
E83028,0
E83030,0
E83031,0
E83032,0
E83034,0
E83035,0
E83036,0
E83037,0
E83038,0
E83039,0
E83041,0
E83042,0
E83044,0
E83045,0
E83046,0
E83049,0
E83050,0
E83053,0
E83600,0
E83613,0
E83621,0
E83622,0
E83624,0
E83629,0
E83631,0
E83632,0
E83633,0
E83637,0
E83638,0
E83639,0
E83644,0
E83649,0
E83650,0
E83653,0
E83654,0
E83655,0
E83656,0
E83657,0
E83658,0
E83666,0
E83668,0
E84002,0
E84003,0
E84004,0
E84005,0
E84006,0
E84007,0
E84008,0
E84009,0
E84011,0
E84012,0
E84013,0
E84014,0
E84015,0
E84017,0
E84018,0
E84020,0
E84021,0
E84022,0
E84023,0
E84024,0
E84025,0
E84026,0
E84028,0
E84029,0
E84030,0
E84031,0
E84032,0
E84033,0
E84036,0
E84039,0
E84040,0
E84042,0
E84044,0
E84048,0
E84049,0
E84051,0
E84053,0
E84057,0
E84058,0
E84059,0
E84061,0
E84062,0
E84063,0
E84066,0
E84067,0
E84068,0
E84069,0
E84070,0
E84074,0
E84075,0
E84076,0
E84077,0
E84078,0
E84080,0
E84083,0
E84084,0
E84086,0
E84601,0
E84617,0
E84620,0
E84624,0
E84626,0
E84635,0
E84637,0
E84638,0
E84645,0
E84646,0
E84647,0
E84653,0
E84656,0
E84657,0
E84658,0
E84663,0
E84665,0
E84667,0
E84669,0
E84674,0
E84676,0
E84678,0
E84680,0
E84681,0
E84684,0
E84685,0
E84690,0
E84693,0
E84696,0
E84699,0
E84701,0
E84702,0
E84704,0
E84705,0
E84707,0
E84709,0
E84713,0
E85001,0
E85003,0
E85004,0
E85005,0
E85006,0
E85007,0
E85008,0
E85012,0
E85013,0
E85014,0
E85015,0
E85016,0
E85018,0
E85019,0
E85020,0
E85021,0
E85023,0
E85024,0
E85025,0
E85026,0
E85028,0
E85029,0
E85030,0
E85032,0
E85033,0
E85034,0
E85035,0
E85038,0
E85040,0
E85041,0
E85042,0
E85044,0
E85045,0
E85046,0
E85048,0
E85049,0
E85050,0
E85051,0
E85052,0
E85053,0
E85054,0
E85055,0
E85056,0
E85057,0
E85058,0
E85059,0
E85060,0
E85061,0
E85062,0
E85064,0
E85066,0
E85069,0
E85071,0
E85074,0
E85075,0
E85077,0
E85083,0
E85088,0
E85090,0
E85091,0
E85096,0
E85098,0
E85099,0
E85103,0
E85105,0
E85107,0
E85108,0
E85109,0
E85110,0
E85111,0
E85112,0
E85113,0
E85114,0
E85115,0
E85116,0
E85117,0
E85118,0
E85119,0
E85120,0
E85121,0
E85122,0
E85123,0
E85124,0
E85125,0
E85126,0
E85127,0
E85128,0
E85129,0
E85130,0
E85600,0
E85605,0
E85617,0
E85623,0
E85624,0
E85625,0
E85628,0
E85630,0
E85633,0
E85635,0
E85636,0
E85640,0
E85643,0
E85649,0
E85656,0
E85657,0
E85658,0
E85659,0
E85663,0
E85672,0
E85673,0
E85677,0
E85680,0
E85681,0
E85682,0
E85683,0
E85685,0
E85686,0
E85687,0
E85692,0
E85693,0
E85694,0
E85696,0
E85697,0
E85699,0
E85700,0
E85707,0
E85708,0
E85712,0
E85713,0
E85714,0
E85715,0
E85716,0
E85718,0
E85719,0
E85721,0
E85723,0
E85725,0
E85726,0
E85727,0
E85732,0
E85733,0
E85734,0
E85735,0
E85736,0
E85739,0
E85740,0
E85743,0
E85744,0
E85745,0
E85746,0
E85748,0
E85750,0
E85755,0
E86001,0
E86003,0
E86004,0
E86005,0
E86006,0
E86007,0
E86009,0
E86010,0
E86011,0
E86012,0
E86014,0
E86015,0
E86016,0
E86017,0
E86018,0
E86019,0
E86020,0
E86022,0
E86024,0
E86026,0
E86027,0
E86028,0
E86029,0
E86030,0
E86033,0
E86034,0
E86036,0
E86038,0
E86041,0
E86042,0
E86605,0
E86609,0
E86610,0
E86612,0
E86615,0
E86618,0
E86619,0
E86620,0
E86625,0
E86626,0
E86629,0
E86632,0
E86637,0
E86640,0
E87002,0
E87003,0
E87004,0
E87005,0
E87006,0
E87007,0
E87008,0
E87009,0
E87010,0
E87011,0
E87013,0
E87016,0
E87017,0
E87021,0
E87024,0
E87026,0
E87029,0
E87034,0
E87037,0
E87038,0
E87043,0
E87045,0
E87046,0
E87047,0
E87048,0
E87050,0
E87052,0
E87057,0
E87061,0
E87063,0
E87065,0
E87066,0
E87067,0
E87069,0
E87070,0
E87071,0
E87609,0
E87637,0
E87648,0
E87649,0
E87663,0
E87665,0
E87677,0
E87681,0
E87682,0
E87691,0
E87694,0
E87701,0
E87702,0
E87706,0
E87711,0
E87714,0
E87715,0
E87720,0
E87722,0
E87733,0
E87735,0
E87737,0
E87738,0
E87739,0
E87740,0
E87741,0
E87742,0
E87745,0
E87746,0
E87750,0
E87751,0
E87753,0
E87754,0
E87755,0
E87756,0
E87762,0
E87765,0
E87766,0
E87768,0
E87772,0
E87774,0
F81001,0
F81003,0
F81004,7788
F81006,0
F81007,0
F81009,2762
F81010,0
F81011,0
F81012,0
F81013,0
F81014,0
F81015,3738
F81016,0
F81017,0
F81018,0
F81019,877
F81020,6796
F81021,0
F81022,3004
F81023,0
F81024,0
F81025,0
F81026,0
F81027,0
F81028,0
F81029,0
F81030,2408
F81031,0
F81032,0
F81034,5128
F81035,0
F81036,0
F81037,0
F81038,0
F81040,3728
F81041,0
F81042,0
F81043,0
F81044,4995
F81045,0
F81046,0
F81047,0
F81048,0
F81049,4045
F81051,0
F81052,0
F81053,0
F81055,0
F81056,0
F81057,0
F81060,0
F81061,0
F81062,0
F81065,0
F81066,0
F81067,0
F81068,0
F81069,2464
F81070,0
F81071,0
F81072,0
F81073,0
F81074,0
F81075,0
F81076,1215
F81078,0
F81079,0
F81080,0
F81081,0
F81082,0
F81083,0
F81084,0
F81085,0
F81086,0
F81087,1551
F81088,0
F81089,1101
F81090,4241
F81091,0
F81092,0
F81094,3680
F81095,0
F81096,0
F81097,0
F81098,2190
F81099,2491
F81100,5208
F81101,0
F81102,0
F81104,0
F81105,8865
F81106,0
F81108,0
F81109,0
F81110,0
F81111,4405
F81112,0
F81113,0
F81114,1880
F81115,0
F81116,908
F81117,0
F81118,7450
F81119,3294
F81120,0
F81121,0
F81122,0
F81123,0
F81125,0
F81126,1141
F81127,0
F81128,0
F81130,1610
F81131,4048
F81132,1756
F81133,0
F81134,1906
F81136,0
F81137,2879
F81138,1300
F81141,2772
F81142,0
F81144,0
F81147,0
F81149,1711
F81150,0
F81151,0
F81152,0
F81153,0
F81155,0
F81156,0
F81157,0
F81158,0
F81159,0
F81163,0
F81164,0
F81165,0
F81168,0
F81169,0
F81170,0
F81173,0
F81176,0
F81177,0
F81181,0
F81183,3027
F81184,0
F81185,0
F81186,0
F81192,0
F81193,0
F81195,2222
F81197,0
F81198,1564
F81200,0
F81205,0
F81206,0
F81207,0
F81209,0
F81211,0
F81212,0
F81213,1368
F81215,3878
F81216,0
F81218,0
F81219,0
F81221,422
F81222,0
F81223,0
F81606,2001
F81608,0
F81613,0
F81618,0
F81619,0
F81622,0
F81623,0
F81632,0
F81633,1639
F81635,0
F81636,2605
F81640,0
F81641,0
F81644,0
F81645,0
F81648,0
F81649,0
F81651,0
F81652,0
F81656,0
F81665,0
F81666,0
F81669,0
F81670,0
F81672,0
F81674,1749
F81675,0
F81679,0
F81681,0
F81683,0
F81684,0
F81688,0
F81690,175
F81691,0
F81695,0
F81696,0
F81697,0
F81698,0
F81700,0
F81704,0
F81707,0
F81708,0
F81711,0
F81713,0
F81716,0
F81718,0
F81720,0
F81721,0
F81724,0
F81725,0
F81729,0
F81730,1043
F81732,0
F81733,0
F81737,0
F81738,0
F81739,0
F81740,0
F81741,0
F81742,0
F81743,0
F81744,0
F81746,0
F81749,0
F81751,1081
F81755,0
F81756,0
F81757,2396
F81758,0
F82001,0
F82002,0
F82003,0
F82004,0
F82005,0
F82006,0
F82007,0
F82008,0
F82009,0
F82010,0
F82011,0
F82012,0
F82013,0
F82014,0
F82015,0
F82016,0
F82017,0
F82018,0
F82019,0
F82021,0
F82022,0
F82023,0
F82025,0
F82027,0
F82028,0
F82030,0
F82031,0
F82033,0
F82034,0
F82038,0
F82039,0
F82040,0
F82042,0
F82045,0
F82051,0
F82053,0
F82055,0
F82604,0
F82607,0
F82609,0
F82610,0
F82612,0
F82614,0
F82619,0
F82621,0
F82624,0
F82625,0
F82627,0
F82630,0
F82634,0
F82638,0
F82639,0
F82642,0
F82646,0
F82647,0
F82648,0
F82649,0
F82650,0
F82653,0
F82660,0
F82661,0
F82663,0
F82665,0
F82666,0
F82668,0
F82670,0
F82671,0
F82674,0
F82675,0
F82676,0
F82677,0
F82678,0
F82679,0
F82680,0
F82686,0
F83002,0
F83003,0
F83004,0
F83005,0
F83006,0
F83007,0
F83008,0
F83010,0
F83011,0
F83012,0
F83015,0
F83017,0
F83018,0
F83019,0
F83020,0
F83021,0
F83022,0
F83023,0
F83025,0
F83027,0
F83030,0
F83032,0
F83033,0
F83034,0
F83039,0
F83042,0
F83043,0
F83044,0
F83045,0
F83048,0
F83050,0
F83051,0
F83052,0
F83053,0
F83055,0
F83056,0
F83057,0
F83058,0
F83059,0
F83060,0
F83061,0
F83063,0
F83064,0
F83615,0
F83623,0
F83624,0
F83632,0
F83633,0
F83635,0
F83652,0
F83658,0
F83660,0
F83664,0
F83665,0
F83666,0
F83671,0
F83672,0
F83673,0
F83674,0
F83676,0
F83677,0
F83678,0
F83680,0
F83681,0
F83682,0
F83683,0
F83686,0
F84003,0
F84004,0
F84006,0
F84008,0
F84009,0
F84010,0
F84012,0
F84013,0
F84014,0
F84015,0
F84016,0
F84017,0
F84018,0
F84021,0
F84022,0
F84025,0
F84030,0
F84031,0
F84032,0
F84033,0
F84034,0
F84035,0
F84036,0
F84038,0
F84039,0
F84041,0
F84043,0
F84044,0
F84046,0
F84047,0
F84050,0
F84051,0
F84052,0
F84053,0
F84054,0
F84055,0
F84060,0
F84062,0
F84063,0
F84069,0
F84070,0
F84072,0
F84074,0
F84077,0
F84079,0
F84080,0
F84081,0
F84083,0
F84086,0
F84087,0
F84088,0
F84089,0
F84091,0
F84092,0
F84093,0
F84096,0
F84097,0
F84105,0
F84111,0
F84114,0
F84115,0
F84117,0
F84118,0
F84119,0
F84121,0
F84122,0
F84123,0
F84124,0
F84601,0
F84619,0
F84620,0
F84621,0
F84624,0
F84631,0
F84632,0
F84635,0
F84636,0
F84640,0
F84641,0
F84642,0
F84647,0
F84656,0
F84657,0
F84658,0
F84659,0
F84660,0
F84661,0
F84666,0
F84668,0
F84669,0
F84670,0
F84671,0
F84672,0
F84673,0
F84676,0
F84677,0
F84679,0
F84681,0
F84682,0
F84685,0
F84686,0
F84692,0
F84694,0
F84696,0
F84698,0
F84702,0
F84706,0
F84708,0
F84710,0
F84711,0
F84713,0
F84714,0
F84716,0
F84717,0
F84718,0
F84719,0
F84720,0
F84724,0
F84729,0
F84730,0
F84731,0
F84733,0
F84734,0
F84735,0
F84737,0
F84739,0
F84740,0
F84741,0
F84742,0
F84743,0
F84744,0
F84747,0
F84749,0
F84750,0
F85002,0
F85003,0
F85004,0
F85007,0
F85008,0
F85010,0
F85013,0
F85014,0
F85015,0
F85016,0
F85017,0
F85019,0
F85020,0
F85023,0
F85024,0
F85025,0
F85026,0
F85027,0
F85028,0
F85029,0
F85030,0
F85031,0
F85032,0
F85033,0
F85034,0
F85035,0
F85036,0
F85039,0
F85043,0
F85044,0
F85045,0
F85046,0
F85048,0
F85049,0
F85052,0
F85053,0
F85055,0
F85058,0
F85060,0
F85061,0
F85063,0
F85064,0
F85065,0
F85066,0
F85067,0
F85069,0
F85071,0
F85072,0
F85076,0
F85615,0
F85623,0
F85625,0
F85628,0
F85634,0
F85640,0
F85642,0
F85645,0
F85646,0
F85650,0
F85652,0
F85654,0
F85656,0
F85663,0
F85666,0
F85669,0
F85675,0
F85676,0
F85678,0
F85679,0
F85681,0
F85682,0
F85684,0
F85686,0
F85687,0
F85688,0
F85697,0
F85700,0
F85701,0
F85703,0
F85705,0
F85707,0
F85708,0
F85710,0
F85711,0
F86001,0
F86004,0
F86005,0
F86006,0
F86007,0
F86008,0
F86009,0
F86010,0
F86011,0
F86012,0
F86013,0
F86018,0
F86020,0
F86022,0
F86023,0
F86025,0
F86026,0
F86028,0
F86030,0
F86032,0
F86034,0
F86036,0
F86038,0
F86040,0
F86042,0
F86044,0
F86045,0
F86049,0
F86057,0
F86058,0
F86060,0
F86062,0
F86064,0
F86066,0
F86073,0
F86074,0
F86078,0
F86081,0
F86082,0
F86083,0
F86085,0
F86086,0
F86087,0
F86088,0
F86607,0
F86612,0
F86616,0
F86621,0
F86624,0
F86625,0
F86626,0
F86627,0
F86637,0
F86638,0
F86639,0
F86641,0
F86642,0
F86644,0
F86650,0
F86652,0
F86655,0
F86657,0
F86658,0
F86664,0
F86666,0
F86675,0
F86679,0
F86689,0
F86691,0
F86692,0
F86696,0
F86698,0
F86700,0
F86701,0
F86702,0
F86703,0
F86704,0
F86705,0
F86707,0
F86708,0
F86712,0
F86731,0
G81001,0
G81002,0
G81003,0
G81004,0
G81006,0
G81007,0
G81008,0
G81009,0
G81011,0
G81012,0
G81013,0
G81014,0
G81016,0
G81017,0
G81018,0
G81019,0
G81021,0
G81022,0
G81023,0
G81024,4068
G81025,0
G81026,0
G81027,0
G81028,0
G81029,0
G81030,799
G81031,1884
G81032,0
G81033,0
G81034,0
G81035,0
G81036,0
G81037,0
G81038,0
G81039,0
G81040,0
G81041,0
G81042,0
G81043,0
G81044,0
G81045,0
G81046,0
G81047,0
G81048,0
G81049,0
G81050,0
G81051,4066
G81052,3879
G81053,0
G81054,0
G81055,0
G81056,0
G81057,5228
G81059,0
G81061,0
G81063,0
G81065,0
G81070,0
G81071,0
G81073,0
G81074,0
G81075,0
G81076,0
G81077,1717
G81082,1498
G81083,0
G81084,0
G81085,1302
G81086,0
G81087,6238
G81088,4200
G81089,0
G81090,0
G81094,0
G81095,0
G81096,0
G81097,0
G81098,0
G81099,2401
G81100,0
G81102,7666
G81103,0
G81104,0
G81105,0
G81613,0
G81614,4576
G81634,0
G81638,0
G81641,0
G81642,0
G81646,0
G81651,1862
G81656,0
G81658,0
G81663,0
G81667,0
G81668,0
G81669,0
G81670,0
G81677,0
G81680,0
G81684,0
G81689,0
G81690,0
G81691,0
G81694,0
G81696,0
G81703,0
G82002,0
G82006,0
G82007,0
G82011,0
G82012,0
G82013,1854
G82014,0
G82015,0
G82016,0
G82017,0
G82018,0
G82019,3409
G82020,0
G82021,0
G82022,2073
G82023,0
G82024,0
G82025,0
G82026,0
G82027,0
G82028,0
G82029,0
G82031,0
G82032,0
G82035,0
G82036,0
G82037,3936
G82038,0
G82039,0
G82041,0
G82042,0
G82044,0
G82046,0
G82048,0
G82049,0
G82050,0
G82051,0
G82052,0
G82053,3283
G82055,3305
G82056,0
G82057,2938
G82058,0
G82059,2260
G82060,2362
G82062,0
G82063,0
G82064,0
G82065,0
G82066,0
G82067,0
G82069,0
G82071,0
G82072,0
G82073,3126
G82074,1984
G82075,0
G82076,0
G82077,4464
G82079,0
G82080,0
G82082,313
G82083,0
G82085,0
G82086,0
G82087,0
G82088,1076
G82089,0
G82090,0
G82091,0
G82092,2479
G82093,5657
G82094,5555
G82095,0
G82096,0
G82097,0
G82098,0
G82099,0
G82100,2422
G82103,0
G82104,0
G82105,0
G82106,4646
G82107,2927
G82108,0
G82109,0
G82110,0
G82111,0
G82112,3727
G82113,0
G82114,6738
G82115,0
G82117,203
G82118,0
G82119,0
G82120,5343
G82121,0
G82122,360
G82123,0
G82125,0
G82126,0
G82128,0
G82129,0
G82133,0
G82135,0
G82137,0
G82138,0
G82139,0
G82140,0
G82141,3957
G82142,3578
G82143,0
G82147,0
G82148,0
G82150,0
G82152,0
G82154,0
G82155,0
G82158,2612
G82160,0
G82161,0
G82162,0
G82164,0
G82165,0
G82170,2293
G82175,0
G82179,114
G82180,1102
G82184,0
G82185,0
G82186,6690
G82187,0
G82197,0
G82198,0
G82200,3364
G82203,0
G82204,666
G82205,0
G82206,0
G82211,0
G82212,0
G82215,1942
G82217,0
G82218,3385
G82219,0
G82221,193
G82224,0
G82225,0
G82226,0
G82227,1954
G82228,2530
G82229,2926
G82230,0
G82231,0
G82232,0
G82233,0
G82234,4068
G82235,1091
G82600,0
G82604,0
G82605,0
G82622,0
G82631,0
G82634,0
G82635,0
G82639,0
G82641,0
G82647,0
G82648,0
G82649,0
G82650,0
G82651,0
G82652,777
G82653,0
G82658,4657
G82662,0
G82665,0
G82666,0
G82667,347
G82671,0
G82679,0
G82681,0
G82682,0
G82684,1769
G82686,0
G82687,0
G82688,0
G82690,0
G82691,1886
G82693,0
G82696,0
G82697,0
G82698,0
G82700,1571
G82702,0
G82704,0
G82706,0
G82708,0
G82710,784
G82711,0
G82712,0
G82719,0
G82721,0
G82722,0
G82726,0
G82727,0
G82729,1713
G82730,0
G82732,2305
G82733,1545
G82735,0
G82737,0
G82741,0
G82744,0
G82751,0
G82753,0
G82754,258
G82757,0
G82760,0
G82762,0
G82763,0
G82768,0
G82775,0
G82777,2096
G82780,0
G82790,5034
G82791,0
G82793,0
G82796,0
G82799,0
G82802,0
G82808,0
G82809,2228
G82813,0
G82820,0
G82888,0
G83001,0
G83002,0
G83003,0
G83004,0
G83005,0
G83006,0
G83009,0
G83010,0
G83012,0
G83013,0
G83015,0
G83016,0
G83017,0
G83018,0
G83019,0
G83021,0
G83022,0
G83024,0
G83025,0
G83026,0
G83027,0
G83028,0
G83029,0
G83030,0
G83031,0
G83033,0
G83034,0
G83037,0
G83039,0
G83043,0
G83044,0
G83046,0
G83047,0
G83049,0
G83052,0
G83053,0
G83057,0
G83058,0
G83060,0
G83061,0
G83062,0
G83063,0
G83064,0
G83065,0
G83066,0
G83067,0
G83628,0
G83630,0
G83631,0
G83633,0
G83635,0
G83641,0
G83642,0
G83647,0
G83651,0
G83654,0
G83655,0
G83663,0
G83668,0
G83672,0
G83673,0
G83680,0
G84001,0
G84002,0
G84003,0
G84004,0
G84005,0
G84006,0
G84007,0
G84008,0
G84009,0
G84010,0
G84011,0
G84013,0
G84015,0
G84016,0
G84017,0
G84018,0
G84019,0
G84020,0
G84021,0
G84022,0
G84023,0
G84024,0
G84025,0
G84027,0
G84028,0
G84029,0
G84030,0
G84032,0
G84033,0
G84035,0
G84039,0
G84040,0
G84041,0
G84604,0
G84607,0
G84609,0
G84621,0
G84624,0
G84625,0
G84627,0
G84628,0
G84629,0
G84630,0
G85001,0
G85002,0
G85003,0
G85004,0
G85005,0
G85006,0
G85008,0
G85009,0
G85010,0
G85011,0
G85012,0
G85013,0
G85014,0
G85015,0
G85016,0
G85019,0
G85020,0
G85021,0
G85022,0
G85023,0
G85024,0
G85025,0
G85026,0
G85027,0
G85028,0
G85029,0
G85030,0
G85031,0
G85032,0
G85034,0
G85035,0
G85036,0
G85038,0
G85039,0
G85040,0
G85041,0
G85042,0
G85044,0
G85045,0
G85046,0
G85047,0
G85048,0
G85050,0
G85051,0
G85052,0
G85053,0
G85054,0
G85055,0
G85057,0
G85061,0
G85073,0
G85076,0
G85081,0
G85082,0
G85083,0
G85084,0
G85085,0
G85086,0
G85087,0
G85088,0
G85089,0
G85091,0
G85094,0
G85095,0
G85096,0
G85097,0
G85099,0
G85100,0
G85102,0
G85104,0
G85105,0
G85106,0
G85109,0
G85112,0
G85113,0
G85114,0
G85118,0
G85119,0
G85120,0
G85121,0
G85123,0
G85124,0
G85125,0
G85127,0
G85129,0
G85130,0
G85132,0
G85133,0
G85134,0
G85135,0
G85136,0
G85137,0
G85138,0
G85623,0
G85632,0
G85633,0
G85642,0
G85644,0
G85647,0
G85651,0
G85662,0
G85673,0
G85674,0
G85681,0
G85685,0
G85690,0
G85692,0
G85695,0
G85696,0
G85698,0
G85705,0
G85706,0
G85708,0
G85711,0
G85712,0
G85715,0
G85716,0
G85717,0
G85721,0
G85722,0
G85723,0
G85724,0
G85726,0
G85727,0
G85736,0
H81002,0
H81003,0
H81004,0
H81005,0
H81006,0
H81007,0
H81009,0
H81010,0
H81011,0
H81013,3545
H81015,0
H81016,0
H81017,0
H81019,0
H81020,0
H81021,0
H81022,2493
H81023,3
H81024,0
H81025,0
H81026,0
H81027,0
H81028,1395
H81029,0
H81030,0
H81031,5671
H81032,0
H81033,0
H81034,0
H81035,0
H81036,0
H81037,0
H81038,0
H81039,0
H81040,0
H81041,0
H81042,0
H81043,0
H81044,0
H81045,0
H81046,0
H81047,0
H81048,0
H81050,0
H81051,0
H81052,0
H81053,0
H81054,0
H81055,0
H81056,0
H81057,0
H81058,0
H81060,0
H81061,0
H81062,0
H81064,2430
H81065,0
H81066,0
H81067,0
H81068,5536
H81069,0
H81070,0
H81071,0
H81072,0
H81073,0
H81074,0
H81075,0
H81076,0
H81077,7116
H81078,0
H81079,0
H81080,0
H81081,0
H81082,0
H81083,0
H81084,0
H81085,0
H81086,0
H81087,0
H81088,0
H81089,0
H81090,0
H81091,0
H81094,0
H81095,0
H81097,0
H81099,0
H81101,0
H81103,0
H81104,0
H81107,0
H81109,0
H81110,3792
H81111,0
H81113,6745
H81116,0
H81118,0
H81119,0
H81122,0
H81123,0
H81126,0
H81128,0
H81129,2192
H81130,0
H81131,0
H81132,0
H81133,0
H81134,0
H81611,1519
H81613,0
H81615,0
H81618,0
H81620,0
H81632,0
H81638,0
H81641,0
H81642,0
H81643,0
H81644,0
H81647,0
H81656,0
H81658,0
H81659,0
H81663,0
H81664,0
H81667,0
H81668,0
H81669,0
H81672,0
H82003,0
H82004,4199
H82005,0
H82006,3142
H82007,0
H82008,0
H82009,0
H82010,0
H82011,0
H82012,0
H82013,3841
H82014,0
H82015,0
H82016,0
H82017,0
H82020,0
H82021,0
H82022,0
H82023,0
H82025,0
H82026,0
H82027,3356
H82028,0
H82029,0
H82030,0
H82031,5270
H82032,0
H82033,0
H82034,0
H82035,0
H82036,0
H82037,0
H82038,0
H82039,0
H82040,2131
H82041,0
H82042,2446
H82043,0
H82044,0
H82045,0
H82046,0
H82047,0
H82048,0
H82049,0
H82050,0
H82051,3589
H82052,0
H82053,0
H82055,4640
H82056,0
H82057,0
H82058,0
H82059,0
H82060,3291
H82061,0
H82063,0
H82064,0
H82065,0
H82066,0
H82067,3108
H82070,0
H82072,0
H82076,0
H82077,0
H82078,0
H82083,0
H82084,0
H82087,0
H82088,0
H82089,0
H82091,0
H82092,0
H82094,0
H82095,0
H82096,0
H82098,0
H82099,0
H82100,0
H82615,5958
H82621,0
H82640,0
H82641,0
H83001,0
H83002,0
H83004,0
H83005,0
H83006,0
H83007,0
H83008,0
H83009,0
H83010,0
H83011,0
H83012,0
H83013,0
H83014,0
H83015,0
H83016,0
H83017,0
H83018,0
H83019,0
H83020,0
H83021,0
H83022,0
H83023,0
H83024,0
H83027,0
H83028,0
H83029,0
H83030,0
H83031,0
H83033,0
H83034,0
H83037,0
H83039,0
H83040,0
H83042,0
H83043,0
H83044,0
H83046,0
H83048,0
H83049,0
H83050,0
H83051,0
H83052,0
H83053,0
H83608,0
H83609,0
H83611,0
H83620,0
H83622,0
H83623,0
H83624,0
H83625,0
H83626,0
H83627,0
H83631,0
H83634,0
H83638,0
H83639,0
H84002,0
H84005,0
H84006,0
H84007,0
H84010,0
H84012,0
H84014,0
H84015,0
H84016,0
H84017,0
H84018,0
H84020,0
H84023,0
H84025,0
H84027,0
H84030,0
H84031,0
H84032,0
H84033,0
H84034,0
H84039,0
H84040,0
H84041,0
H84042,0
H84043,0
H84044,0
H84048,0
H84049,0
H84050,0
H84051,0
H84053,0
H84054,0
H84055,0
H84057,0
H84058,0
H84059,0
H84060,0
H84061,0
H84062,0
H84608,0
H84618,0
H84619,0
H84623,0
H84625,0
H84629,0
H84630,0
H84632,0
H84635,0
H84637,0
H84639,0
H85001,0
H85002,0
H85003,0
H85005,0
H85006,0
H85007,0
H85008,0
H85009,0
H85011,0
H85012,0
H85018,0
H85019,0
H85020,0
H85021,0
H85022,0
H85023,0
H85024,0
H85025,0
H85026,0
H85027,0
H85028,0
H85029,0
H85030,0
H85031,0
H85032,0
H85033,0
H85035,0
H85037,0
H85038,0
H85041,0
H85045,0
H85047,0
H85048,0
H85049,0
H85051,0
H85052,0
H85053,0
H85054,0
H85055,0
H85056,0
H85057,0
H85061,0
H85063,0
H85065,0
H85066,0
H85067,0
H85069,0
H85070,0
H85072,0
H85075,0
H85076,0
H85077,0
H85078,0
H85082,0
H85087,0
H85088,0
H85090,0
H85092,0
H85095,0
H85100,0
H85101,0
H85103,0
H85105,0
H85110,0
H85111,0
H85112,0
H85113,0
H85114,0
H85115,0
H85116,0
H85618,0
H85634,0
H85637,0
H85643,0
H85649,0
H85653,0
H85656,0
H85659,0
H85662,0
H85664,0
H85665,0
H85680,0
H85682,0
H85683,0
H85686,0
H85691,0
H85693,0
H85695,0
H85696,0
H85697,0
J81002,0
J81003,0
J81004,0
J81005,0
J81006,0
J81009,0
J81010,0
J81011,0
J81012,0
J81013,0
J81014,0
J81016,0
J81017,3300
J81018,0
J81019,7858
J81020,3149
J81021,0
J81022,765
J81025,3425
J81027,0
J81028,0
J81029,1919
J81030,0
J81031,0
J81032,1951
J81033,0
J81034,2536
J81035,3528
J81036,0
J81039,0
J81040,1883
J81041,0
J81042,0
J81043,0
J81044,0
J81045,0
J81046,0
J81047,0
J81048,0
J81049,0
J81050,0
J81051,0
J81052,0
J81053,3910
J81054,0
J81055,0
J81056,0
J81057,0
J81058,2630
J81059,0
J81061,0
J81062,0
J81063,0
J81064,0
J81065,0
J81066,0
J81067,0
J81068,2726
J81069,0
J81070,0
J81071,0
J81072,0
J81073,0
J81074,3159
J81075,0
J81076,4389
J81077,0
J81078,1825
J81081,0
J81082,1868
J81083,4258
J81086,0
J81087,0
J81090,0
J81609,2823
J81612,1904
J81613,0
J81616,4170
J81620,0
J81621,0
J81625,0
J81626,0
J81628,0
J81631,0
J81632,0
J81633,0
J81634,0
J81637,0
J81644,0
J81645,0
J81646,0
J81647,0
J81648,0
J81650,0
J81653,0
J81657,0
J82001,0
J82002,0
J82004,0
J82005,240
J82006,0
J82007,0
J82008,0
J82009,0
J82010,0
J82012,0
J82015,0
J82016,7585
J82017,0
J82018,0
J82019,0
J82020,0
J82021,0
J82022,0
J82023,0
J82024,0
J82025,511
J82026,0
J82027,0
J82028,0
J82029,0
J82030,0
J82033,0
J82034,8498
J82035,0
J82036,2441
J82039,0
J82040,0
J82041,0
J82042,0
J82044,0
J82046,0
J82049,0
J82050,0
J82051,0
J82053,0
J82054,7964
J82055,0
J82056,0
J82058,0
J82059,3241
J82060,0
J82061,0
J82062,0
J82063,0
J82064,5076
J82065,0
J82066,0
J82067,0
J82069,0
J82071,0
J82072,0
J82073,0
J82074,3213
J82075,0
J82076,0
J82077,0
J82079,5751
J82080,0
J82081,0
J82082,0
J82083,0
J82084,0
J82085,0
J82087,0
J82088,0
J82089,0
J82090,0
J82092,0
J82094,3710
J82097,0
J82098,0
J82099,0
J82100,0
J82101,0
J82102,0
J82103,0
J82104,0
J82106,6288
J82110,0
J82112,0
J82113,0
J82114,0
J82115,0
J82116,2432
J82117,0
J82119,1745
J82120,0
J82121,0
J82122,0
J82123,0
J82124,3820
J82125,0
J82126,0
J82127,0
J82128,0
J82129,0
J82130,0
J82131,6414
J82132,0
J82133,0
J82134,0
J82135,0
J82136,0
J82138,0
J82139,0
J82141,0
J82142,0
J82143,0
J82144,0
J82145,3675
J82146,0
J82147,0
J82149,0
J82150,0
J82151,1371
J82152,0
J82154,0
J82155,0
J82156,0
J82157,0
J82161,0
J82163,0
J82164,2202
J82165,0
J82166,0
J82169,0
J82171,0
J82174,0
J82177,0
J82178,0
J82180,0
J82181,0
J82183,0
J82184,0
J82187,0
J82188,0
J82190,0
J82192,0
J82194,0
J82195,0
J82196,0
J82197,2699
J82198,0
J82199,0
J82201,0
J82206,0
J82207,0
J82208,0
J82210,0
J82212,0
J82213,0
J82214,3529
J82215,0
J82216,0
J82217,0
J82218,0
J82220,0
J82605,0
J82609,0
J82619,0
J82622,0
J82625,1242
J82628,2343
J82630,0
J82633,15
J82639,2332
J82640,0
J82646,0
J82648,0
J82663,0
J82669,0
J82674,0
J82688,0
J83001,0
J83002,1407
J83003,0
J83004,6421
J83005,0
J83006,0
J83007,0
J83008,0
J83009,2420
J83010,0
J83011,0
J83013,0
J83014,0
J83016,0
J83017,0
J83018,0
J83019,7187
J83020,1907
J83021,0
J83022,0
J83023,3022
J83024,0
J83025,0
J83026,3402
J83027,0
J83028,0
J83029,0
J83030,5095
J83031,0
J83032,0
J83033,0
J83034,0
J83035,0
J83036,0
J83037,3881
J83038,0
J83039,0
J83040,1693
J83041,0
J83042,0
J83043,3581
J83044,0
J83045,8095
J83046,0
J83047,0
J83048,0
J83049,0
J83050,2293
J83052,0
J83053,0
J83054,0
J83055,0
J83056,0
J83057,0
J83058,0
J83059,0
J83060,1494
J83063,0
J83064,0
J83601,3417
J83603,3742
J83609,1254
J83615,3354
J83618,3139
J83619,0
J83625,0
J83629,1528
J83630,2018
J83632,875
J83633,0
J83636,0
J83642,0
J83643,0
J83644,0
J83645,0
J83646,0
J83647,0
J83649,961
J84003,0
J84004,0
J84005,0
J84007,0
J84008,0
J84010,0
J84011,0
J84012,0
J84013,0
J84014,0
J84015,0
J84016,3636
J84017,0
J84018,0
J84019,0
J84020,0
J84606,0
K81001,0
K81002,0
K81003,5290
K81004,0
K81005,0
K81006,0
K81007,0
K81010,0
K81012,3928
K81014,0
K81015,0
K81017,0
K81018,0
K81019,0
K81020,19
K81021,0
K81022,0
K81023,0
K81024,0
K81025,0
K81026,0
K81027,1689
K81028,0
K81030,0
K81032,0
K81034,0
K81036,0
K81039,0
K81040,0
K81041,0
K81042,0
K81043,0
K81045,0
K81046,0
K81047,0
K81048,0
K81050,9636
K81051,0
K81052,2873
K81055,1923
K81056,0
K81057,0
K81059,0
K81060,394
K81062,0
K81063,0
K81066,0
K81067,0
K81068,0
K81069,0
K81070,965
K81072,0
K81073,0
K81074,0
K81075,0
K81076,0
K81077,1792
K81078,0
K81080,0
K81081,0
K81082,0
K81083,0
K81084,0
K81085,0
K81086,0
K81087,0
K81089,0
K81092,0
K81094,0
K81097,0
K81100,0
K81101,0
K81102,0
K81103,7410
K81605,0
K81607,0
K81608,0
K81610,0
K81613,0
K81616,0
K81622,0
K81630,0
K81633,0
K81636,0
K81638,0
K81640,0
K81644,0
K81645,0
K81647,0
K81651,0
K81655,0
K81656,0
K81657,0
K81658,0
K81663,0
K81669,0
K81670,0
K82001,0
K82003,0
K82004,0
K82005,0
K82006,0
K82007,8512
K82008,0
K82009,0
K82010,0
K82011,0
K82012,0
K82013,0
K82014,0
K82015,0
K82016,0
K82017,0
K82018,0
K82019,0
K82020,0
K82021,0
K82022,0
K82023,1304
K82024,0
K82025,0
K82026,0
K82027,0
K82028,0
K82029,0
K82030,0
K82031,0
K82032,0
K82033,0
K82034,0
K82035,0
K82036,0
K82037,0
K82038,0
K82039,0
K82040,0
K82042,3486
K82043,4484
K82044,0
K82045,0
K82046,0
K82047,6910
K82048,912
K82049,3958
K82050,0
K82051,0
K82053,0
K82054,0
K82055,0
K82057,0
K82058,0
K82059,0
K82060,0
K82061,2418
K82062,0
K82064,0
K82065,0
K82066,0
K82067,0
K82068,5251
K82069,0
K82070,3219
K82073,3309
K82074,0
K82076,0
K82078,0
K82079,3476
K82603,0
K82610,0
K82615,0
K82617,0
K82618,0
K82621,0
K82631,0
K82633,0
K82634,0
K82638,0
K83002,1820
K83003,0
K83005,0
K83006,0
K83007,0
K83008,0
K83009,2129
K83010,0
K83011,0
K83012,0
K83013,0
K83014,0
K83015,0
K83017,7041
K83018,3261
K83019,2003
K83020,0
K83021,0
K83022,1822
K83023,3973
K83024,0
K83025,0
K83026,0
K83027,0
K83028,1450
K83029,0
K83030,0
K83031,4450
K83032,0
K83033,0
K83035,0
K83036,0
K83037,0
K83039,0
K83040,0
K83041,0
K83042,0
K83043,0
K83044,0
K83047,0
K83048,0
K83049,2167
K83050,0
K83051,0
K83052,10645
K83053,4965
K83055,0
K83056,0
K83058,0
K83059,0
K83064,9670
K83065,2051
K83066,8522
K83068,5914
K83069,403
K83070,3840
K83076,0
K83077,0
K83079,1525
K83080,0
K83081,0
K83601,1376
K83607,405
K83610,0
K83614,0
K83616,0
K83618,0
K83619,0
K83620,3319
K83621,0
K83622,0
K83624,0
K83625,5171
K84001,0
K84002,0
K84003,5409
K84004,0
K84005,0
K84006,4306
K84007,0
K84008,0
K84009,0
K84010,2032
K84011,0
K84012,3614
K84013,0
K84014,5441
K84015,3098
K84016,0
K84017,2484
K84019,0
K84020,2671
K84021,0
K84023,0
K84024,0
K84025,0
K84026,0
K84027,0
K84028,0
K84030,6664
K84031,0
K84032,0
K84033,0
K84034,2519
K84035,0
K84036,0
K84037,3226
K84038,2937
K84040,0
K84041,4591
K84042,0
K84043,0
K84044,0
K84045,0
K84046,2372
K84047,2241
K84048,0
K84049,0
K84050,0
K84051,7281
K84052,2905
K84054,0
K84055,10128
K84056,3146
K84058,4457
K84059,0
K84060,0
K84062,0
K84063,0
K84065,2329
K84066,0
K84071,5090
K84072,0
K84075,679
K84078,0
K84079,0
K84080,0
K84082,0
K84605,0
K84610,1137
K84613,1563
K84617,0
K84618,0
K84621,76
K84622,3
K84624,0
L81004,0
L81007,0
L81008,0
L81009,0
L81010,0
L81012,0
L81013,0
L81014,0
L81015,0
L81016,0
L81017,0
L81018,0
L81019,0
L81020,0
L81021,0
L81022,0
L81023,0
L81024,0
L81025,3082
L81026,0
L81027,0
L81028,0
L81029,8914
L81030,6490
L81031,0
L81032,0
L81033,0
L81034,0
L81035,0
L81036,0
L81037,0
L81038,0
L81039,0
L81040,0
L81041,0
L81042,0
L81043,0
L81044,0
L81045,0
L81046,0
L81047,0
L81049,0
L81050,474
L81051,0
L81052,0
L81053,0
L81054,0
L81055,0
L81056,0
L81057,0
L81058,0
L81059,2186
L81060,0
L81061,0
L81062,0
L81063,0
L81064,0
L81065,0
L81066,0
L81067,0
L81068,0
L81069,0
L81070,0
L81071,0
L81072,9122
L81073,0
L81075,0
L81077,0
L81078,0
L81079,12
L81080,0
L81081,0
L81082,0
L81083,0
L81084,0
L81085,1090
L81086,5457
L81087,0
L81088,0
L81089,0
L81090,0
L81091,0
L81093,0
L81094,0
L81095,0
L81098,0
L81101,0
L81102,0
L81103,0
L81106,0
L81112,0
L81117,0
L81118,0
L81119,0
L81120,0
L81122,2267
L81123,0
L81124,0
L81125,0
L81127,0
L81130,0
L81131,0
L81132,0
L81133,0
L81600,0
L81617,0
L81622,0
L81632,0
L81637,0
L81642,0
L81643,0
L81644,0
L81648,0
L81649,0
L81655,0
L81656,0
L81668,0
L81669,0
L81670,0
L81673,0
L82001,0
L82003,4835
L82004,3034
L82006,6498
L82007,258
L82008,0
L82009,3255
L82010,2193
L82011,4080
L82012,10597
L82013,1471
L82014,0
L82015,5194
L82016,5538
L82017,1465
L82018,1714
L82021,0
L82022,1295
L82023,10884
L82024,0
L82025,2034
L82026,0
L82028,0
L82029,0
L82030,7025
L82035,545
L82036,0
L82037,4474
L82038,2411
L82039,1995
L82041,2367
L82042,0
L82043,4291
L82044,0
L82045,8353
L82046,0
L82047,4595
L82048,2894
L82049,0
L82050,4103
L82051,6402
L82052,1061
L82053,657
L82054,4040
L82056,4218
L82057,2849
L82058,3349
L82059,0
L82061,5025
L82066,0
L82068,4889
L82070,0
L82617,0
L82618,446
L82620,2532
L82622,0
L83002,0
L83003,0
L83004,0
L83005,0
L83006,0
L83007,0
L83008,0
L83009,0
L83010,2460
L83011,0
L83012,2724
L83013,0
L83014,0
L83015,0
L83016,0
L83018,0
L83019,0
L83020,5284
L83021,0
L83022,0
L83023,4897
L83024,0
L83025,6701
L83026,2592
L83027,0
L83028,0
L83029,0
L83030,0
L83031,4190
L83032,0
L83034,0
L83035,3681
L83036,0
L83038,2855
L83039,0
L83040,5461
L83041,0
L83042,0
L83043,0
L83044,7443
L83045,0
L83046,0
L83047,0
L83048,0
L83049,0
L83050,0
L83051,0
L83052,0
L83053,0
L83054,0
L83055,0
L83056,1298
L83057,0
L83058,0
L83059,0
L83061,0
L83064,0
L83065,0
L83066,0
L83067,0
L83068,0
L83069,0
L83070,0
L83071,0
L83072,0
L83073,0
L83074,0
L83075,0
L83076,0
L83077,0
L83078,0
L83079,0
L83080,0
L83081,4004
L83082,0
L83083,0
L83084,0
L83085,0
L83086,2448
L83087,4818
L83088,0
L83089,0
L83092,4614
L83094,0
L83095,0
L83096,0
L83097,0
L83098,4861
L83099,0
L83100,502
L83101,3607
L83102,753
L83103,0
L83105,2959
L83106,0
L83107,0
L83111,0
L83112,0
L83113,0
L83115,0
L83116,3385
L83117,0
L83118,0
L83120,0
L83123,0
L83125,0
L83127,1679
L83128,0
L83129,2641
L83130,0
L83131,0
L83134,3577
L83136,0
L83137,0
L83138,0
L83139,0
L83143,0
L83144,0
L83145,0
L83146,0
L83147,0
L83148,3387
L83607,0
L83616,1626
L83624,0
L83626,0
L83627,0
L83628,0
L83637,0
L83639,1977
L83642,0
L83643,0
L83644,0
L83646,0
L83647,3710
L83648,0
L83651,0
L83655,0
L83657,0
L83658,0
L83663,2313
L83664,0
L83666,0
L83673,0
L83679,0
L84001,0
L84002,0
L84003,0
L84004,2599
L84005,0
L84006,6586
L84007,0
L84008,0
L84009,0
L84010,0
L84011,1519
L84012,2311
L84013,0
L84014,0
L84015,0
L84016,1575
L84017,0
L84018,0
L84020,1224
L84021,2928
L84022,0
L84023,0
L84024,1445
L84025,0
L84026,0
L84027,2926
L84028,2084
L84029,2418
L84030,0
L84031,906
L84032,0
L84033,0
L84034,0
L84036,0
L84037,5055
L84038,5340
L84039,0
L84040,0
L84041,0
L84042,0
L84043,1276
L84044,0
L84045,3140
L84046,0
L84047,0
L84048,0
L84049,0
L84050,0
L84051,5348
L84052,0
L84053,3692
L84054,0
L84055,0
L84056,0
L84057,0
L84058,0
L84059,0
L84060,1550
L84063,3609
L84065,0
L84067,0
L84068,1805
L84069,1119
L84070,0
L84071,2008
L84072,2038
L84073,0
L84075,0
L84077,0
L84078,4483
L84080,1372
L84081,0
L84084,0
L84085,974
L84606,2778
L84613,0
L84615,1874
L84616,0
L84617,0
L84620,0
L85001,0
L85002,0
L85003,2673
L85004,0
L85005,0
L85006,0
L85007,0
L85008,0
L85009,0
L85010,0
L85011,0
L85012,0
L85013,3248
L85014,0
L85015,0
L85016,0
L85017,0
L85018,4624
L85019,0
L85020,5525
L85021,0
L85022,0
L85023,0
L85024,7991
L85025,0
L85026,0
L85027,0
L85028,0
L85029,0
L85030,0
L85031,2924
L85032,0
L85033,7464
L85034,0
L85035,0
L85036,2447
L85037,3861
L85038,3725
L85039,0
L85040,0
L85041,0
L85042,0
L85043,0
L85044,4947
L85046,4635
L85047,0
L85048,0
L85050,0
L85051,0
L85052,0
L85053,0
L85054,3171
L85055,0
L85056,1274
L85060,0
L85061,1383
L85062,0
L85064,0
L85065,2794
L85066,0
L85601,2306
L85607,0
L85608,0
L85609,0
L85611,2527
L85612,0
L85619,0
L85620,0
L85624,1786
L85625,0
M81001,0
M81002,0
M81003,0
M81004,4742
M81005,0
M81006,0
M81007,4820
M81008,0
M81009,5777
M81010,0
M81011,4009
M81012,0
M81013,0
M81014,0
M81015,0
M81016,2400
M81017,0
M81018,5761
M81019,0
M81020,0
M81021,0
M81022,2618
M81023,0
M81024,4679
M81025,0
M81026,0
M81027,0
M81029,4426
M81032,0
M81033,6471
M81034,0
M81035,0
M81037,0
M81038,7056
M81039,0
M81040,0
M81041,0
M81042,1183
M81043,7510
M81044,0
M81045,4130
M81046,6507
M81047,0
M81048,4915
M81049,0
M81054,4596
M81055,0
M81056,0
M81057,0
M81058,3132
M81061,0
M81062,0
M81063,0
M81064,0
M81066,0
M81067,4282
M81068,2029
M81069,1658
M81070,0
M81072,0
M81073,0
M81074,5380
M81075,0
M81076,0
M81077,2104
M81078,0
M81079,0
M81080,1552
M81081,0
M81082,1591
M81083,0
M81084,0
M81087,0
M81089,0
M81090,3247
M81091,0
M81092,0
M81093,0
M81094,3383
M81600,3198
M81604,4843
M81605,3953
M81608,1423
M81616,0
M81617,0
M81621,0
M81627,0
M81629,0
M81636,0
M82002,0
M82003,0
M82004,0
M82005,2862
M82006,0
M82007,0
M82008,0
M82009,0
M82010,0
M82011,3775
M82012,0
M82013,1698
M82014,0
M82016,0
M82017,3473
M82018,1991
M82019,3462
M82020,3263
M82021,2095
M82022,0
M82023,3484
M82024,3330
M82025,2514
M82026,0
M82027,0
M82028,4123
M82029,0
M82030,5109
M82031,0
M82032,0
M82033,0
M82034,0
M82035,3411
M82038,0
M82039,0
M82040,0
M82041,0
M82042,0
M82043,0
M82044,0
M82045,0
M82046,1603
M82047,0
M82048,0
M82051,0
M82056,0
M82057,0
M82058,3287
M82059,0
M82060,0
M82601,2306
M82604,1925
M82606,0
M82616,0
M82619,0
M82620,2532
M83001,1039
M83004,0
M83005,0
M83006,0
M83007,0
M83009,2769
M83010,0
M83011,0
M83012,0
M83013,4056
M83014,0
M83015,3009
M83016,0
M83017,842
M83018,0
M83020,0
M83021,0
M83022,4417
M83023,0
M83024,0
M83025,0
M83026,0
M83027,0
M83028,0
M83030,158
M83031,0
M83032,0
M83033,0
M83034,0
M83035,0
M83036,0
M83037,0
M83038,0
M83041,0
M83042,0
M83044,0
M83045,0
M83046,0
M83047,0
M83048,0
M83049,0
M83050,0
M83051,0
M83052,947
M83054,0
M83056,0
M83057,0
M83059,3948
M83061,0
M83062,298
M83063,0
M83065,0
M83066,0
M83067,0
M83068,0
M83069,0
M83070,3764
M83071,0
M83072,0
M83073,1449
M83074,5531
M83075,0
M83076,0
M83078,0
M83079,0
M83080,0
M83082,0
M83084,0
M83088,0
M83089,0
M83090,0
M83092,4529
M83093,0
M83094,0
M83096,1460
M83097,0
M83100,0
M83102,0
M83103,896
M83107,0
M83108,2051
M83109,0
M83110,0
M83111,0
M83113,0
M83115,0
M83117,0
M83121,1324
M83122,3045
M83123,0
M83125,3768
M83126,0
M83127,0
M83128,0
M83129,0
M83130,0
M83132,0
M83134,0
M83138,0
M83139,0
M83140,0
M83141,0
M83143,0
M83146,0
M83148,0
M83601,0
M83608,0
M83616,0
M83617,0
M83619,0
M83623,0
M83624,0
M83625,0
M83627,0
M83629,0
M83631,0
M83632,451
M83637,0
M83638,0
M83639,0
M83640,2300
M83641,1965
M83650,0
M83661,0
M83665,0
M83668,0
M83669,0
M83670,211
M83680,2172
M83681,0
M83682,0
M83691,1613
M83692,0
M83693,0
M83697,0
M83698,0
M83700,0
M83701,0
M83703,0
M83704,0
M83705,0
M83706,0
M83708,0
M83709,0
M83711,0
M83712,0
M83713,0
M83714,0
M83715,0
M83717,0
M83718,0
M83719,0
M83722,0
M83723,0
M83725,0
M83727,0
M83733,0
M83736,0
M83737,0
M83738,0
M83739,0
M84001,0
M84002,0
M84003,0
M84004,0
M84005,0
M84006,4473
M84007,1543
M84008,0
M84009,2435
M84010,0
M84011,0
M84012,1133
M84013,0
M84014,836
M84015,1235
M84016,1371
M84017,0
M84018,5800
M84019,2961
M84020,0
M84021,1731
M84022,0
M84023,0
M84024,0
M84025,4496
M84026,0
M84028,0
M84029,0
M84030,4433
M84031,5723
M84032,0
M84034,0
M84035,0
M84036,0
M84037,0
M84038,0
M84040,0
M84041,0
M84042,1890
M84043,6476
M84044,2927
M84045,0
M84046,0
M84047,4011
M84049,0
M84050,0
M84051,0
M84055,0
M84059,0
M84060,0
M84061,0
M84062,4678
M84063,0
M84064,0
M84065,0
M84066,4104
M84067,0
M84069,3987
M84070,0
M84603,0
M84608,0
M84609,0
M84612,68
M84615,0
M84616,3434
M84617,0
M84618,0
M84620,2314
M84621,0
M84624,0
M84627,0
M84629,0
M85001,0
M85002,0
M85005,0
M85006,0
M85007,0
M85008,0
M85009,0
M85011,0
M85013,0
M85014,0
M85015,0
M85016,0
M85018,0
M85019,0
M85020,0
M85021,0
M85023,0
M85024,0
M85025,0
M85026,0
M85027,0
M85028,0
M85029,0
M85030,0
M85031,0
M85033,0
M85034,0
M85035,0
M85037,0
M85038,0
M85041,0
M85042,0
M85043,0
M85045,0
M85046,0
M85047,0
M85048,0
M85051,0
M85052,0
M85053,0
M85055,0
M85056,0
M85058,0
M85060,0
M85061,0
M85062,0
M85063,0
M85064,0
M85065,0
M85066,0
M85068,0
M85069,0
M85070,0
M85071,0
M85072,0
M85074,0
M85075,0
M85076,0
M85077,0
M85078,0
M85079,0
M85081,0
M85082,0
M85083,0
M85084,0
M85085,0
M85086,0
M85087,0
M85088,0
M85092,0
M85094,0
M85097,0
M85098,0
M85100,0
M85103,0
M85105,0
M85107,0
M85108,0
M85110,0
M85111,0
M85113,0
M85115,0
M85116,0
M85117,0
M85118,0
M85123,0
M85124,0
M85127,0
M85128,0
M85133,0
M85134,0
M85136,0
M85139,0
M85141,0
M85142,0
M85143,0
M85145,0
M85146,0
M85149,0
M85153,0
M85154,0
M85155,0
M85156,0
M85158,0
M85159,0
M85164,0
M85167,0
M85170,0
M85171,0
M85172,0
M85174,0
M85175,0
M85176,0
M85177,0
M85178,0
M85179,0
M85600,0
M85611,0
M85624,0
M85634,0
M85642,0
M85652,0
M85663,0
M85669,0
M85670,0
M85671,0
M85676,0
M85677,0
M85679,0
M85680,0
M85684,0
M85686,0
M85689,0
M85693,0
M85694,0
M85697,0
M85699,0
M85701,0
M85704,0
M85706,0
M85711,0
M85713,0
M85715,0
M85716,0
M85717,0
M85721,0
M85722,0
M85730,0
M85732,0
M85733,0
M85735,0
M85736,0
M85739,0
M85741,0
M85746,0
M85749,0
M85753,0
M85756,0
M85757,0
M85759,0
M85766,0
M85768,0
M85770,0
M85774,0
M85776,0
M85778,0
M85779,0
M85781,0
M85782,0
M85783,0
M85786,0
M85792,0
M85794,0
M85797,0
M85801,0
M85803,0
M85805,0
M85813,0
M86001,0
M86002,0
M86003,0
M86004,0
M86005,0
M86006,0
M86007,0
M86008,0
M86009,0
M86010,0
M86011,0
M86012,0
M86013,0
M86014,0
M86015,0
M86016,0
M86017,0
M86018,0
M86019,0
M86020,0
M86021,0
M86022,0
M86023,0
M86026,0
M86027,0
M86028,0
M86029,0
M86030,0
M86032,0
M86033,0
M86034,0
M86035,0
M86037,0
M86038,0
M86039,0
M86040,0
M86041,0
M86044,0
M86045,0
M86046,0
M86048,0
M86605,0
M86607,0
M86610,0
M86612,0
M86613,0
M86617,0
M86621,0
M86622,0
M86624,0
M86627,0
M86631,0
M86633,0
M86638,0
M86639,0
M87001,0
M87002,0
M87003,0
M87005,0
M87006,0
M87007,0
M87008,0
M87009,0
M87010,0
M87011,0
M87012,0
M87013,0
M87014,0
M87015,0
M87016,0
M87017,0
M87018,0
M87019,0
M87020,0
M87021,0
M87023,0
M87024,0
M87025,0
M87026,0
M87027,0
M87028,0
M87030,0
M87034,0
M87036,0
M87037,0
M87041,0
M87601,0
M87602,0
M87605,0
M87612,0
M87617,0
M87618,0
M87620,0
M87621,0
M87623,0
M87625,0
M87628,0
M87629,0
M87632,0
M87637,0
M87638,0
M87639,0
M87640,0
M88001,0
M88002,0
M88003,0
M88004,0
M88005,0
M88006,0
M88007,0
M88008,0
M88009,0
M88010,0
M88012,0
M88013,0
M88014,0
M88015,0
M88016,0
M88018,0
M88019,0
M88020,0
M88021,0
M88022,0
M88023,0
M88024,0
M88026,0
M88030,0
M88031,0
M88032,0
M88035,0
M88036,0
M88038,0
M88040,0
M88041,0
M88042,0
M88043,0
M88044,0
M88600,0
M88610,0
M88612,0
M88616,0
M88618,0
M88619,0
M88620,0
M88623,0
M88624,0
M88625,0
M88626,0
M88627,0
M88628,0
M88629,0
M88630,0
M88633,0
M88635,0
M88637,0
M88639,0
M88640,0
M88643,0
M88645,0
M88646,0
M88647,0
M89001,0
M89002,0
M89003,0
M89004,0
M89005,0
M89007,0
M89008,0
M89009,0
M89010,0
M89012,0
M89013,0
M89015,0
M89016,0
M89017,0
M89019,0
M89021,0
M89024,0
M89026,0
M89027,0
M89028,0
M89030,0
M89601,0
M89602,0
M89606,0
M89608,0
M91003,0
M91004,0
M91006,0
M91007,0
M91008,0
M91009,73
M91010,0
M91011,0
M91013,0
M91014,0
M91015,0
M91016,0
M91017,0
M91018,0
M91019,0
M91020,0
M91021,0
M91022,0
M91024,0
M91025,0
M91026,0
M91028,0
M91029,0
M91032,0
M91033,0
M91034,0
M91036,0
M91602,0
M91604,0
M91609,0
M91611,0
M91612,0
M91613,0
M91614,0
M91616,0
M91619,0
M91621,0
M91623,0
M91624,0
M91625,0
M91626,0
M91628,0
M91629,0
M91637,0
M91639,0
M91640,0
M91641,0
M91642,0
M91643,0
M91647,0
M91650,0
M91654,0
M91655,0
M91659,0
M91660,0
M92001,0
M92002,0
M92003,0
M92004,0
M92006,0
M92007,0
M92008,0
M92009,0
M92010,0
M92011,0
M92012,0
M92013,0
M92014,0
M92015,0
M92016,0
M92019,0
M92022,0
M92024,0
M92026,0
M92027,0
M92028,0
M92029,0
M92030,0
M92031,0
M92035,0
M92039,0
M92040,0
M92041,0
M92042,0
M92043,0
M92044,0
M92607,0
M92609,0
M92612,0
M92627,0
M92629,0
M92630,0
M92640,0
M92647,0
M92649,0
M92654,0
M92656,0
M92657,0
N81001,0
N81002,0
N81005,0
N81006,4386
N81007,0
N81008,0
N81009,0
N81010,0
N81011,0
N81012,0
N81013,0
N81014,0
N81015,0
N81016,0
N81017,0
N81018,2632
N81019,0
N81020,0
N81021,0
N81022,0
N81023,0
N81024,0
N81025,0
N81026,0
N81027,0
N81028,0
N81029,0
N81030,3982
N81031,0
N81032,0
N81033,0
N81034,0
N81035,0
N81036,0
N81037,0
N81038,4688
N81039,0
N81040,0
N81041,0
N81042,0
N81043,0
N81044,0
N81045,0
N81046,0
N81047,0
N81048,0
N81049,1411
N81050,0
N81051,0
N81052,0
N81053,0
N81054,0
N81055,213
N81056,0
N81057,0
N81059,0
N81060,0
N81061,0
N81062,0
N81063,0
N81064,0
N81065,0
N81066,0
N81067,0
N81068,0
N81069,3463
N81070,0
N81071,3928
N81072,0
N81073,0
N81074,0
N81075,0
N81077,4739
N81079,0
N81080,0
N81081,0
N81082,0
N81083,0
N81084,0
N81085,0
N81086,0
N81087,0
N81088,0
N81089,0
N81090,0
N81091,0
N81092,0
N81093,0
N81094,0
N81095,0
N81096,0
N81097,0
N81100,0
N81101,0
N81102,0
N81107,0
N81108,0
N81109,0
N81111,0
N81112,0
N81113,0
N81114,0
N81115,0
N81117,0
N81118,0
N81119,0
N81120,1927
N81121,0
N81122,0
N81123,0
N81125,0
N81127,0
N81607,0
N81614,3342
N81618,0
N81619,0
N81623,2099
N81624,749
N81626,0
N81628,0
N81630,0
N81631,0
N81632,0
N81635,0
N81637,0
N81640,0
N81642,0
N81645,0
N81649,0
N81651,0
N81653,0
N81654,0
N81655,0
N81657,0
N81658,0
N82001,0
N82002,0
N82003,0
N82004,0
N82009,0
N82011,0
N82014,0
N82018,0
N82019,0
N82022,0
N82024,0
N82026,0
N82033,0
N82034,0
N82035,0
N82036,0
N82037,0
N82039,0
N82041,0
N82046,0
N82048,0
N82049,0
N82050,0
N82051,0
N82052,0
N82053,0
N82054,0
N82058,0
N82059,0
N82060,0
N82062,0
N82065,0
N82066,0
N82067,0
N82070,0
N82073,0
N82074,0
N82076,0
N82077,0
N82078,0
N82079,0
N82081,0
N82082,0
N82083,0
N82084,0
N82086,0
N82087,0
N82089,0
N82090,0
N82091,0
N82092,0
N82093,0
N82094,0
N82095,0
N82097,0
N82099,0
N82100,0
N82101,0
N82103,0
N82104,0
N82106,0
N82107,0
N82108,0
N82109,0
N82110,0
N82113,0
N82115,0
N82116,0
N82117,0
N82617,0
N82621,0
N82623,0
N82633,0
N82641,0
N82645,0
N82646,0
N82647,0
N82648,0
N82650,0
N82651,0
N82655,0
N82662,0
N82663,0
N82664,0
N82665,0
N82667,0
N82668,0
N82669,0
N82670,0
N82671,0
N82673,0
N82674,0
N82675,0
N82676,0
N82678,0
N83001,0
N83002,0
N83003,0
N83005,0
N83006,0
N83007,0
N83008,0
N83009,0
N83010,0
N83012,0
N83013,0
N83014,0
N83015,0
N83017,0
N83018,0
N83019,0
N83020,0
N83021,0
N83022,0
N83023,0
N83024,0
N83025,0
N83026,0
N83027,0
N83028,0
N83030,0
N83031,0
N83032,0
N83033,0
N83035,0
N83041,0
N83043,0
N83045,0
N83047,0
N83049,0
N83050,0
N83053,0
N83054,0
N83055,0
N83060,0
N83601,0
N83603,0
N83604,0
N83605,0
N83608,0
N83609,0
N83610,0
N83611,0
N83614,0
N83619,0
N83620,0
N83621,0
N83622,0
N83624,0
N83628,0
N83633,0
N83635,0
N83637,0
N83638,0
N83641,0
N84001,0
N84002,0
N84003,0
N84004,0
N84005,0
N84006,0
N84007,0
N84008,0
N84010,0
N84011,0
N84012,0
N84013,0
N84014,0
N84015,0
N84016,0
N84017,0
N84018,0
N84019,0
N84020,0
N84021,0
N84023,0
N84024,0
N84025,0
N84026,0
N84027,0
N84028,0
N84029,0
N84034,0
N84035,0
N84036,0
N84037,0
N84038,0
N84041,0
N84043,0
N84605,0
N84611,0
N84613,0
N84614,0
N84615,0
N84617,0
N84618,0
N84621,0
N84624,0
N84625,0
N84626,0
N84627,0
N84628,0
N84630,0
N85001,0
N85002,0
N85003,0
N85005,0
N85006,0
N85007,0
N85008,0
N85009,0
N85012,0
N85013,0
N85014,0
N85015,0
N85016,0
N85017,0
N85018,0
N85019,0
N85020,0
N85021,0
N85022,0
N85023,0
N85024,0
N85025,0
N85027,0
N85028,0
N85031,0
N85032,0
N85034,0
N85037,0
N85038,0
N85040,0
N85044,0
N85046,0
N85047,0
N85048,0
N85051,0
N85052,0
N85053,0
N85054,0
N85057,0
N85058,0
N85059,0
N85616,0
N85617,0
N85619,0
N85620,0
N85625,0
N85629,0
N85633,0
N85634,0
N85638,0
N85639,0
N85640,0
N85641,0
N85642,0
N85643,0
N85645,0
N85647,0
N85648,0
P81002,0
P81003,0
P81004,0
P81005,0
P81006,6045
P81008,0
P81010,0
P81013,0
P81014,0
P81015,0
P81016,0
P81017,4464
P81018,0
P81020,0
P81022,0
P81025,0
P81027,0
P81028,0
P81029,2803
P81031,0
P81032,0
P81033,0
P81035,0
P81036,0
P81037,0
P81038,0
P81039,0
P81040,0
P81041,0
P81042,0
P81043,0
P81044,0
P81045,0
P81046,0
P81047,0
P81051,0
P81053,0
P81054,0
P81055,0
P81056,0
P81057,0
P81058,0
P81059,4968
P81061,0
P81062,0
P81063,0
P81064,0
P81065,0
P81066,0
P81067,0
P81069,2834
P81070,0
P81071,0
P81072,0
P81073,0
P81074,0
P81076,0
P81077,0
P81078,0
P81079,0
P81081,0
P81082,0
P81083,0
P81084,0
P81085,0
P81086,0
P81087,4402
P81088,0
P81089,0
P81091,0
P81092,0
P81093,0
P81095,0
P81096,0
P81099,0
P81100,4665
P81103,0
P81104,0
P81107,0
P81112,0
P81113,0
P81115,0
P81117,0
P81118,0
P81119,0
P81121,0
P81123,0
P81125,0
P81127,0
P81128,0
P81129,0
P81130,0
P81132,0
P81133,0
P81134,0
P81136,0
P81137,0
P81138,0
P81140,0
P81143,0
P81146,0
P81147,0
P81149,0
P81150,0
P81152,0
P81154,0
P81155,0
P81157,0
P81159,0
P81160,0
P81163,0
P81165,0
P81166,0
P81167,0
P81169,0
P81170,0
P81171,0
P81172,0
P81173,0
P81176,0
P81177,0
P81179,0
P81180,0
P81181,0
P81182,0
P81184,0
P81185,1723
P81186,0
P81190,4092
P81191,0
P81196,0
P81197,0
P81201,0
P81204,0
P81208,0
P81210,0
P81212,0
P81213,0
P81214,0
P81215,0
P81218,0
P81607,0
P81620,971
P81622,0
P81633,0
P81642,0
P81643,0
P81646,0
P81647,0
P81655,0
P81659,0
P81664,0
P81667,0
P81668,0
P81674,0
P81681,0
P81683,0
P81684,0
P81685,0
P81686,0
P81687,0
P81689,0
P81690,0
P81692,0
P81694,0
P81695,0
P81699,0
P81700,0
P81701,0
P81704,0
P81707,0
P81709,0
P81710,0
P81711,0
P81712,0
P81713,0
P81714,0
P81721,0
P81724,0
P81726,0
P81727,0
P81730,0
P81731,0
P81732,1901
P81733,0
P81734,0
P81735,0
P81736,0
P81737,0
P81738,0
P81740,0
P81741,0
P81742,0
P81748,0
P81749,0
P81750,0
P81754,0
P81755,0
P81756,0
P81757,0
P81758,0
P81760,0
P81763,0
P81769,0
P81770,0
P81771,0
P81772,0
P81774,0
P81778,0
P81780,0
P81785,0
P81786,0
P81787,0
P81788,0
P81791,0
P81793,0
P81801,0
P82001,0
P82002,0
P82003,0
P82004,0
P82005,0
P82006,0
P82007,0
P82008,0
P82009,0
P82010,0
P82011,0
P82012,0
P82013,0
P82014,0
P82015,0
P82016,0
P82018,0
P82020,0
P82021,0
P82022,0
P82023,0
P82025,0
P82029,0
P82030,0
P82031,0
P82033,0
P82034,0
P82036,0
P82037,0
P82607,0
P82609,0
P82613,0
P82616,0
P82624,0
P82625,0
P82626,0
P82627,0
P82629,0
P82633,0
P82634,0
P82640,0
P82643,0
P82652,0
P82654,0
P82660,0
P82661,0
P82662,0
P83001,0
P83004,0
P83005,0
P83006,0
P83007,0
P83008,0
P83009,0
P83010,0
P83011,0
P83012,0
P83015,0
P83017,0
P83019,0
P83020,0
P83021,0
P83023,0
P83024,0
P83025,0
P83027,0
P83029,0
P83603,0
P83605,0
P83608,0
P83609,0
P83611,0
P83612,0
P83620,0
P83621,0
P83623,0
P84004,0
P84005,0
P84009,0
P84010,0
P84012,0
P84014,0
P84016,0
P84017,0
P84018,0
P84019,0
P84020,0
P84021,0
P84022,0
P84023,0
P84024,0
P84025,0
P84026,0
P84027,0
P84028,0
P84029,0
P84030,0
P84032,0
P84033,0
P84034,0
P84035,0
P84037,0
P84038,0
P84039,0
P84040,0
P84041,0
P84042,0
P84043,0
P84045,0
P84046,0
P84047,0
P84048,0
P84049,0
P84050,0
P84051,0
P84052,0
P84053,0
P84054,0
P84055,0
P84056,0
P84059,0
P84061,0
P84062,0
P84064,0
P84065,0
P84066,0
P84067,0
P84068,0
P84070,0
P84071,0
P84072,0
P84074,0
P84605,0
P84611,0
P84616,0
P84623,0
P84626,0
P84630,0
P84631,0
P84635,0
P84637,0
P84639,0
P84640,0
P84644,0
P84645,0
P84650,0
P84651,0
P84652,0
P84663,0
P84665,0
P84669,0
P84672,0
P84673,0
P84678,0
P84679,0
P84682,0
P84683,0
P84684,0
P84689,0
P84690,0
P84696,0
P85001,0
P85002,0
P85003,0
P85004,0
P85005,0
P85006,0
P85007,0
P85008,0
P85010,0
P85011,0
P85012,0
P85013,0
P85014,0
P85015,0
P85016,0
P85017,0
P85018,0
P85019,0
P85020,0
P85021,0
P85022,0
P85025,0
P85026,0
P85028,0
P85601,0
P85602,0
P85605,0
P85606,0
P85607,0
P85608,0
P85610,0
P85612,0
P85613,0
P85614,0
P85615,0
P85620,0
P85621,0
P85622,0
P85623,0
P85624,0
P86001,0
P86002,0
P86003,0
P86004,0
P86005,0
P86006,0
P86007,0
P86008,0
P86009,0
P86010,0
P86011,0
P86012,0
P86013,0
P86014,0
P86015,0
P86016,0
P86017,0
P86018,0
P86019,0
P86021,0
P86022,0
P86023,0
P86026,0
P86602,0
P86606,0
P86608,0
P86609,0
P86614,0
P86619,0
P86620,0
P86621,0
P86624,0
P87002,0
P87003,0
P87004,0
P87008,0
P87014,0
P87015,0
P87016,0
P87017,0
P87019,0
P87020,0
P87022,0
P87024,0
P87025,0
P87026,0
P87027,0
P87028,0
P87032,0
P87035,0
P87036,0
P87039,0
P87040,0
P87610,0
P87613,0
P87618,0
P87620,0
P87624,0
P87625,0
P87627,0
P87630,0
P87634,0
P87639,0
P87648,0
P87649,0
P87651,0
P87652,0
P87654,0
P87657,0
P87658,0
P87659,0
P87660,0
P87661,0
P87664,0
P87667,0
P87668,0
P88002,0
P88003,0
P88005,0
P88006,0
P88007,0
P88008,0
P88009,0
P88010,0
P88011,0
P88012,0
P88013,0
P88014,0
P88015,0
P88016,0
P88017,0
P88018,0
P88019,0
P88020,0
P88021,0
P88023,0
P88024,0
P88025,0
P88026,0
P88028,0
P88031,0
P88034,0
P88041,0
P88042,0
P88043,0
P88044,0
P88600,0
P88604,0
P88606,0
P88607,0
P88610,0
P88615,0
P88617,0
P88618,0
P88620,0
P88623,0
P88624,0
P88625,0
P88632,0
P88636,0
P89002,0
P89003,0
P89004,0
P89005,0
P89006,0
P89007,0
P89008,0
P89010,0
P89011,0
P89012,0
P89013,0
P89014,0
P89015,0
P89016,0
P89017,0
P89018,0
P89019,0
P89020,0
P89021,0
P89022,0
P89023,0
P89025,0
P89026,0
P89029,0
P89030,0
P89033,0
P89602,0
P89609,0
P89612,0
P89613,0
P89618,0
P91003,0
P91004,0
P91006,0
P91007,0
P91008,0
P91009,0
P91011,0
P91012,0
P91013,0
P91014,0
P91016,0
P91017,0
P91018,0
P91019,0
P91020,0
P91021,0
P91026,0
P91029,0
P91032,0
P91035,0
P91603,0
P91604,0
P91615,0
P91617,0
P91619,0
P91623,0
P91625,0
P91627,0
P91629,0
P91631,0
P91633,0
P92001,0
P92002,0
P92003,0
P92004,0
P92005,0
P92006,0
P92007,0
P92008,0
P92010,0
P92011,0
P92012,0
P92014,0
P92015,0
P92016,0
P92017,0
P92019,0
P92020,0
P92021,0
P92023,0
P92024,0
P92026,0
P92028,0
P92029,0
P92030,0
P92031,0
P92033,0
P92034,0
P92035,0
P92038,0
P92041,0
P92042,0
P92602,0
P92605,0
P92607,0
P92615,0
P92616,0
P92619,0
P92620,0
P92621,0
P92623,0
P92626,0
P92630,0
P92633,0
P92634,0
P92635,0
P92637,0
P92639,0
P92642,0
P92643,0
P92646,0
P92647,0
P92648,0
P92651,0
P92652,0
P92653,0
P92654,0
Y00016,0
Y00017,0
Y00020,0
Y00023,0
Y00025,0
Y00026,0
Y00028,0
Y00031,0
Y00033,0
Y00035,0
Y00039,0
Y00042,0
Y00043,0
Y00044,0
Y00048,0
Y00049,0
Y00050,0
Y00052,0
Y00053,0
Y00054,0
Y00056,0
Y00057,0
Y00058,0
Y00060,0
Y00065,0
Y00068,0
Y00069,0
Y00070,0
Y00071,0
Y00073,0
Y00074,0
Y00075,0
Y00078,0
Y00080,0
Y00081,0
Y00082,0
Y00084,0
Y00090,0
Y00092,0
Y00094,0
Y00100,0
Y00105,0
Y00107,0
Y00108,0
Y00110,0
Y00111,0
Y00124,0
Y00126,0
Y00131,0
Y00136,0
Y00137,0
Y00140,0
Y00142,0
Y00151,0
Y00155,0
Y00159,0
Y00164,0
Y00167,0
Y00172,0
Y00175,0
Y00178,0
Y00182,0
Y00184,0
Y00185,0
Y00186,0
Y00187,0
Y00189,0
Y00192,0
Y00195,0
Y00196,0
Y00198,0
Y00200,0
Y00203,0
Y00205,0
Y00206,0
Y00208,0
Y00209,0
Y00212,0
Y00215,0
Y00217,0
Y00218,0
Y00219,0
Y00222,0
Y00226,0
Y00227,0
Y00228,0
Y00229,0
Y00230,0
Y00233,0
Y00234,0
Y00241,0
Y00243,0
Y00252,0
Y00253,0
Y00256,0
Y00259,0
Y00260,0
Y00262,0
Y00264,0
Y00265,0
Y00268,0
Y00271,0
Y00275,0
Y00278,0
Y00279,0
Y00280,0
Y00281,0
Y00282,0
Y00286,0
Y00291,0
Y00293,3658
Y00296,0
Y00297,0
Y00301,0
Y00305,0
Y00310,0
Y00312,0
Y00313,0
Y00316,0
Y00321,0
Y00322,0
Y00327,0
Y00328,0
Y00329,0
Y00333,0
Y00339,0
Y00340,0
Y00342,0
Y00343,0
Y00344,0
Y00346,0
Y00347,0
Y00349,0
Y00350,0
Y00351,0
Y00352,0
Y00355,0
Y00361,0
Y00364,0
Y00367,0
Y00372,0
Y00373,0
Y00374,0
Y00382,0
Y00384,0
Y00385,0
Y00390,0
Y00399,0
Y00400,0
Y00401,0
Y00403,0
Y00408,0
Y00409,0
Y00411,0
Y00412,0
Y00413,0
Y00415,0
Y00416,0
Y00417,0
Y00418,0
Y00419,0
Y00420,0
Y00424,0
Y00426,0
Y00427,0
Y00429,0
Y00433,0
Y00434,0
Y00437,0
Y00438,0
Y00442,0
Y00445,0
Y00446,0
Y00448,0
Y00449,0
Y00454,0
Y00458,0
Y00459,0
Y00460,0
Y00469,0
Y00471,0
Y00475,0
Y00478,0
Y00480,0
Y00481,0
Y00482,0
Y00483,0
Y00484,0
Y00486,0
Y00489,0
Y00490,0
Y00492,0
Y00493,0
Y00502,0
Y00504,0
Y00505,0
Y00507,0
Y00509,0
Y00510,0
Y00511,0
Y00516,0
Y00522,0
Y00525,0
Y00526,0
Y00527,0
Y00528,0
Y00529,0
Y00533,0
Y00534,0
Y00535,0
Y00539,0
Y00540,0
Y00542,0
Y00546,0
Y00549,0
Y00550,0
Y00552,0
Y00554,0
Y00556,0
Y00560,0
Y00561,0
Y00562,0
Y00568,0
Y00570,0
Y00572,0
Y00578,0
Y00580,0
Y00581,0
Y00586,0
Y00587,0
Y00588,0
Y00589,0
Y00592,0
Y00596,0
Y00597,0
Y00599,0
Y00602,0
Y00603,0
Y00605,0
Y00610,0
Y00612,0
Y00613,0
Y00617,0
Y00618,0
Y00620,0
Y00622,0
Y00623,0
Y00624,0
Y00626,0
Y00627,0
Y00629,0
Y00630,0
Y00631,0
Y00635,0
Y00640,0
Y00641,0
Y00643,0
Y00644,0
Y00646,0
Y00647,0
Y00650,0
Y00656,0
Y00657,0
Y00658,0
Y00661,0
Y00670,0
Y00672,0
Y00673,0
Y00674,0
Y00675,0
Y00681,0
Y00683,0
Y00684,0
Y00687,0
Y00688,0
Y00693,0
Y00694,0
Y00697,0
Y00698,0
Y00701,0
Y00703,0
Y00704,0
Y00705,0
Y00707,0
Y00714,0
Y00721,0
Y00726,0
Y00729,0
Y00732,0
Y00733,0
Y00737,0
Y00738,0
Y00741,0
Y00747,0
Y00748,0
Y00751,0
Y00752,0
Y00753,0
Y00754,0
Y00755,0
Y00758,0
Y00761,0
Y00762,0
Y00763,0
Y00767,0
Y00768,0
Y00770,0
Y00772,0
Y00774,0
Y00776,0
Y00780,0
Y00781,0
Y00783,0
Y00790,0
Y00799,0
Y00804,0
Y00805,0
Y00806,0
Y00807,0
Y00808,0
Y00809,0
Y00812,0
Y00814,0
Y00819,0
Y00820,0
Y00822,0
Y00824,0
Y00825,0
Y00827,0
Y00828,0
Y00833,0
Y00835,0
Y00836,0
Y00839,0
Y00840,0
Y00844,0
Y00848,0
Y00852,0
Y00856,0
Y00857,0
Y00860,0
Y00862,0
Y00864,0
Y00866,0
Y00868,0
Y00878,0
Y00879,0
Y00881,0
Y00882,0
Y00886,0
Y00887,0
Y00890,0
Y00891,0
Y00894,0
Y00896,0
Y00898,0
Y00902,0
Y00904,0
Y00908,0
Y00910,0
Y00911,0
Y00912,0
Y00913,0
Y00914,0
Y00918,0
Y00919,0
Y00920,0
Y00921,0
Y00922,0
Y00926,0
Y00931,0
Y00934,0
Y00936,0
Y00943,0
Y00945,0
Y00949,0
Y00952,0
Y00954,0
Y00955,0
Y00961,0
Y00963,0
Y00969,0
Y00970,0
Y00972,0
Y00973,0
Y00982,0
Y00983,0
Y00984,0
Y00988,0
Y00990,0
Y00992,0
Y00993,0
Y00995,0
Y00996,0
Y00997,0
Y00999,0
Y01002,0
Y01003,0
Y01006,0
Y01007,0
Y01008,0
Y01010,0
Y01011,0
Y01013,0
Y01016,0
Y01023,0
Y01025,0
Y01028,0
Y01029,0
Y01033,0
Y01036,0
Y01037,0
Y01039,0
Y01040,0
Y01044,0
Y01049,0
Y01050,0
Y01051,0
Y01052,0
Y01054,0
Y01057,0
Y01061,0
Y01063,0
Y01066,0
Y01067,0
Y01068,0
Y01069,0
Y01071,0
Y01075,0
Y01076,0
Y01083,0
Y01084,0
Y01085,0
Y01086,0
Y01090,0
Y01091,0
Y01094,0
Y01096,0
Y01097,0
Y01099,0
Y01101,0
Y01104,0
Y01106,0
Y01108,0
Y01110,0
Y01112,0
Y01116,0
Y01118,0
Y01119,0
Y01120,0
Y01124,0
Y01126,0
Y01127,0
Y01128,0
Y01129,0
Y01130,0
Y01132,0
Y01133,0
Y01137,0
Y01138,0
Y01139,0
Y01141,0
Y01142,0
Y01146,0
Y01161,0
Y01162,0
Y01163,2460
Y01165,0
Y01166,3
Y01168,0
Y01169,0
Y01173,0
Y01174,0
Y01175,0
Y01176,0
Y01177,0
Y01182,0
Y01183,0
Y01184,0
Y01185,0
Y01186,0
Y01187,0
Y01188,0
Y01191,0
Y01192,0
Y01194,0
Y01195,0
Y01200,0
Y01202,0
Y01206,0
Y01209,0
Y01210,0
Y01214,0
Y01215,0
Y01218,0
Y01220,0
Y01221,0
Y01226,0
Y01231,0
Y01233,0
Y01236,0
Y01242,0
Y01243,0
Y01245,0
Y01247,0
Y01249,0
Y01250,0
Y01252,0
Y01253,0
Y01258,0
Y01259,0
Y01260,0
Y01262,0
Y01263,0
Y01264,0
Y01267,0
Y01280,0
Y01281,0
Y01282,0
Y01285,0
Y01286,0
Y01287,0
Y01291,0
Y01297,0
Y01298,0
Y01299,0
Y01303,0
Y01307,0
Y01310,0
Y01311,0
Y01614,0
Y01615,0
Y01616,0
Y01618,0
Y01620,0
Y01632,0
Y01633,0
Y01634,0
Y01636,0
Y01639,0
Y01640,0
Y01649,0
Y01652,5972
Y01655,0
Y01658,0
Y01660,0
Y01661,0
Y01662,0
Y01663,0
Y01665,0
Y01666,0
Y01667,0
Y01669,0
Y01670,0
Y01673,0
Y01676,0
Y01682,0
Y01683,0
Y01685,0
Y01687,0
Y01689,0
Y01690,0
Y01691,0
Y01692,0
Y01693,0
Y01694,0
Y01695,0
Y01696,0
Y01698,0
Y01699,0
Y01700,0
Y01701,0
Y01704,0
Y01705,0
Y01706,0
Y01709,0
Y01710,0
Y01712,0
Y01716,0
Y01717,0
Y01719,0
Y01722,0
Y01723,0
Y01724,0
Y01725,0
Y01726,0
Y01727,0
Y01728,0
Y01730,0
Y01731,0
Y01732,0
Y01734,0
Y01735,0
Y01740,0
Y01742,0
Y01743,0
Y01746,0
Y01747,0
Y01748,0
Y01749,0
Y01752,0
Y01755,0
Y01756,0
Y01764,0
Y01765,0
Y01771,0
Y01775,0
Y01776,0
Y01778,0
Y01784,0
Y01786,0
Y01788,0
Y01791,0
Y01793,0
Y01794,0
Y01795,0
Y01800,0
Y01801,0
Y01802,0
Y01803,0
Y01807,0
Y01810,0
Y01812,0
Y01815,0
Y01821,0
Y01822,0
Y01834,0
Y01836,0
Y01838,0
Y01839,0
Y01840,0
Y01841,0
Y01842,0
Y01844,0
Y01845,0
Y01851,0
Y01852,0
Y01856,0
Y01857,0
Y01858,0
Y01859,0
Y01863,0
Y01866,0
Y01867,0
Y01882,0
Y01883,0
Y01884,0
Y01885,0
Y01889,0
Y01891,0
Y01893,0
Y01894,0
Y01897,0
Y01900,0
Y01901,0
Y01908,0
Y01909,0
Y01912,0
Y01914,0
Y01915,0
Y01920,0
Y01921,0
Y01922,0
Y01924,0
Y01925,0
Y01929,0
Y01930,0
Y01931,0
Y01935,0
Y01936,0
Y01943,0
Y01945,0
Y01948,0
Y01950,0
Y01951,0
Y01952,0
Y01953,0
Y01956,0
Y01957,0
Y01959,0
Y01960,0
Y01961,0
Y01962,0
Y01964,0
Y01965,0
Y01966,0
Y01968,0
Y01980,0
Y01981,0
Y01982,0
Y01986,0
Y01988,0
Y01992,0
Y01994,0
Y01998,0
Y02002,0
Y02004,0
Y02005,0
Y02011,0
Y02012,0
Y02018,0
Y02022,0
Y02025,0
Y02026,0
Y02028,0
Y02029,0
Y02041,0
Y02045,0
Y02046,0
Y02049,0
Y02050,0
Y02051,0
Y02056,0
Y02059,0
Y02060,0
Y02061,0
Y02064,0
Y02065,0
Y02066,0
Y02068,0
Y02069,0
Y02070,0
Y02071,0
Y02074,0
Y02075,0
Y02076,0
Y02077,0
Y02080,0
Y02081,0
Y02082,0
Y02083,0
Y02084,0
Y02085,0
Y02090,0
Y02092,0
Y02096,0
Y02097,0
Y02099,0
Y02103,0
Y02104,0
Y02112,0
Y02115,0
Y02117,0
Y02119,0
Y02123,0
Y02125,0
Y02128,0
Y02129,0
Y02130,0
Y02131,0
Y02132,0
Y02139,0
Y02146,0
Y02147,0
Y02148,0
Y02151,0
Y02155,0
Y02157,0
Y02158,0
Y02159,0
Y02160,0
Y02162,0
Y02167,0
Y02171,0
Y02175,0
Y02176,0
Y02177,0
Y02179,0
Y02180,0
Y02182,0
Y02187,0
Y02188,0
Y02189,0
Y02192,0
Y02193,0
Y02194,0
Y02197,0
Y02198,0
Y02200,0
Y02203,0
Y02204,0
Y02206,0
Y02208,0
Y02209,0
Y02210,0
Y02211,0
Y02212,0
Y02213,0
Y02218,0
Y02222,0
Y02223,0
Y02226,0
Y02228,0
Y02229,0
Y02230,0
Y02231,0
Y02232,0
Y02233,0
Y02234,0
Y02235,0
Y02236,0
Y02237,0
Y02240,0
Y02241,0
Y02242,0
Y02243,0
Y02245,0
Y02247,0
Y02248,0
Y02249,0
Y02250,0
Y02251,0
Y02252,0
Y02253,0
Y02256,0
Y02260,0
Y02262,0
Y02264,0
Y02266,0
Y02268,0
Y02274,0
Y02284,0
Y02285,0
Y02286,0
Y02288,0
Y02289,0
Y02291,0
Y02292,0
Y02295,0
Y02296,0
Y02297,0
Y02298,0
Y02301,0
Y02307,0
Y02310,0
Y02311,0
Y02312,0
Y02313,0
Y02314,0
Y02315,0
Y02316,0
Y02318,0
Y02319,0
Y02321,0
Y02322,0
Y02325,0
Y02327,0
Y02330,0
Y02331,0
Y02332,0
Y02333,0
Y02339,0
Y02342,0
Y02344,0
Y02347,0
Y02350,0
Y02352,0
Y02354,0
Y02355,0
Y02361,0
Y02364,0
Y02365,0
Y02366,0
Y02370,0
Y02371,0
Y02372,0
Y02373,0
Y02374,0
Y02377,0
Y02378,0
Y02382,0
Y02385,0
Y02387,0
Y02389,0
Y02390,0
Y02393,0
Y02395,0
Y02396,0
Y02403,0
Y02404,0
Y02405,0
Y02406,0
Y02407,0
Y02408,0
Y02409,0
Y02414,0
Y02416,0
Y02420,0
Y02422,0
Y02423,0
Y02426,0
Y02428,0
Y02429,0
Y02430,0
Y02431,0
Y02432,0
Y02433,0
Y02434,0
Y02435,0
Y02436,0
Y02437,0
Y02438,0
Y02439,0
Y02440,0
Y02441,0
Y02442,0
Y02450,0
Y02451,0
Y02453,0
Y02455,0
Y02456,0
Y02458,0
Y02459,0
Y02460,0
Y02461,0
Y02462,0
Y02463,0
Y02464,0
Y02465,0
Y02466,0
Y02467,0
Y02468,0
Y02469,0
Y02470,0
Y02471,0
Y02474,0
Y02476,0
Y02477,0
Y02478,0
Y02479,0
Y02481,0
Y02482,0
Y02483,0
Y02489,0
Y02490,0
Y02491,0
Y02492,0
Y02494,0
Y02495,0
Y02496,0
Y02499,0
Y02501,0
Y02504,0
Y02506,0
Y02509,0
Y02510,0
Y02511,0
Y02512,0
Y02514,0
Y02517,0
Y02519,0
Y02520,0
Y02521,0
Y02522,0
Y02523,0
Y02525,0
Y02526,0
Y02527,0
Y02528,0
Y02530,0
Y02532,0
Y02533,0
Y02539,0
Y02544,0
Y02545,0
Y02546,0
Y02547,0
Y02548,0
Y02549,0
Y02550,0
Y02551,0
Y02552,0
Y02554,0
Y02555,0
Y02556,0
Y02557,0
Y02558,0
Y02559,0
Y02561,0
Y02562,0
Y02563,0
Y02564,0
Y02565,0
Y02567,0
Y02568,0
Y02569,0
Y02570,0
Y02571,0
Y02572,0
Y02573,0
Y02575,0
Y02578,0
Y02583,0
Y02584,0
Y02585,0
Y02586,0
Y02587,0
Y02589,0
Y02591,0
Y02594,0
Y02595,0
Y02596,0
Y02597,0
Y02598,0
Y02602,0
Y02603,0
Y02604,0
Y02605,0
Y02606,0
Y02609,0
Y02610,0
Y02611,0
Y02614,0
Y02615,0
Y02617,0
Y02619,0
Y02620,0
Y02621,0
Y02622,0
Y02624,0
Y02625,0
Y02626,0
Y02627,0
Y02628,0
Y02629,0
Y02630,0
Y02632,0
Y02633,2627
Y02636,0
Y02637,0
Y02638,0
Y02639,0
Y02643,0
Y02645,0
Y02646,0
Y02648,0
Y02651,0
Y02652,0
Y02653,0
Y02655,0
Y02656,0
Y02657,0
Y02658,0
Y02659,0
Y02660,0
Y02661,0
Y02663,0
Y02666,0
Y02669,0
Y02670,0
Y02671,0
Y02672,0
Y02674,0
Y02676,0
Y02677,0
Y02680,0
Y02684,0
Y02686,0
Y02687,0
Y02688,0
Y02689,0
Y02692,0
Y02693,0
Y02694,0
Y02695,0
Y02696,0
Y02701,0
Y02704,0
Y02707,0
Y02710,0
Y02711,0
Y02713,0
Y02716,0
Y02718,0
Y02720,0
Y02721,0
Y02722,0
Y02724,0
Y02728,0
Y02729,0
Y02730,0
Y02731,0
Y02735,0
Y02736,0
Y02738,0
Y02743,0
Y02747,0
Y02749,0
Y02751,0
Y02753,0
Y02754,0
Y02755,0
Y02757,0
Y02758,0
Y02759,0
Y02764,0
Y02765,0
Y02766,0
Y02767,0
Y02769,0
Y02770,0
Y02771,0
Y02774,0
Y02778,0
Y02779,0
Y02781,0
Y02785,0
Y02787,0
Y02790,0
Y02792,0
Y02793,0
Y02794,0
Y02795,0
Y02796,0
Y02797,0
Y02801,0
Y02804,0
Y02805,0
Y02806,0
Y02807,0
Y02808,0
Y02809,0
Y02811,0
Y02812,0
Y02813,0
Y02816,0
Y02821,0
Y02823,0
Y02824,0
Y02826,0
Y02827,0
Y02835,0
Y02836,0
Y02837,0
Y02838,0
Y02842,0
Y02843,0
Y02845,0
Y02847,0
Y02848,0
Y02849,0
Y02851,0
Y02852,0
Y02854,0
Y02858,0
Y02859,0
Y02860,0
Y02861,0
Y02862,0
Y02863,0
Y02865,0
Y02867,0
Y02868,0
Y02869,0
Y02870,0
Y02872,0
Y02873,0
Y02875,0
Y02876,0
Y02879,0
Y02881,0
Y02883,0
Y02884,0
Y02885,0
Y02886,0
Y02887,0
Y02888,0
Y02889,0
Y02890,0
Y02892,0
Y02893,0
Y02896,0
Y02898,0
Y02900,0
Y02901,0
Y02902,0
Y02905,0
Y02906,0
Y02907,0
Y02908,0
Y02912,0
Y02913,0
Y02914,0
Y02916,0
Y02917,0
Y02926,0
Y02927,0
Y02928,0
Y02929,0
Y02931,0
Y02933,0
Y02935,0
Y02936,0
Y02937,0
Y02943,0
Y02945,0
Y02946,0
Y02947,0
Y02950,0
Y02952,0
Y02953,0
Y02954,0
Y02957,0
Y02958,0
Y02960,0
Y02961,0
Y02962,0
Y02967,0
Y02968,0
Y02971,0
Y02972,0
Y02973,0
Y02974,0
Y02978,0
Y02979,0
Y02986,0
Y02987,0
Y02989,0
Y02990,0
Y02991,0
Y02992,0
Y02993,0
Y02994,0
Y02997,0
Y02998,0
Y03001,0
Y03002,0
Y03003,0
Y03005,0
Y03006,0
Y03007,0
Y03009,0
Y03010,0
Y03011,0
Y03012,0
Y03013,0
Y03015,0
Y03016,0
Y03017,0
Y03018,0
Y03019,0
Y03020,0
Y03021,0
Y03022,0
Y03023,0
Y03025,0
Y03027,0
Y03030,0
Y03031,0
Y03032,0
Y03034,0
Y03035,0
Y03036,0
Y03038,0
Y03039,0
Y03041,0
Y03042,0
Y03044,0
Y03046,0
Y03047,0
Y03048,0
Y03049,0
Y03051,0
Y03052,0
Y03054,0
Y03055,0
Y03056,0
Y03057,0
Y03058,0
Y03060,0
Y03061,0
Y03062,0
Y03063,0
Y03066,0
Y03067,0
Y03069,0
Y03070,0
Y03071,0
Y03072,0
Y03073,0
Y03074,0
Y03075,0
Y03077,0
Y03078,0
Y03079,0
Y03082,0
Y03085,0
Y03086,0
Y03089,0
Y03090,0
Y03091,0
Y03092,0
Y03094,0
Y03096,0
Y03097,0
Y03098,0
Y03099,0
Y03101,0
Y03103,0
Y03104,0
Y03105,0
Y03106,0
Y03108,0
Y03109,0
Y03110,0
Y03111,0
Y03112,0
Y03113,0
Y03114,0
Y03116,0
Y03117,0
Y03118,0
Y03119,0
Y03120,0
Y03121,0
Y03123,0
Y03124,0
Y03125,0
Y03127,0
Y03132,0
Y03133,0
Y03135,0
Y03136,0
Y03138,0
Y03139,0
Y03142,0
Y03143,0
Y03144,0
Y03145,0
Y03146,0
Y03148,0
Y03149,0
Y03150,0
Y03151,0
Y03152,0
Y03153,0
Y03154,0
Y03156,0
Y03157,0
Y03158,0
Y03159,0
Y03160,0
Y03161,0
Y03166,0
Y03168,0
Y03169,0
Y03170,0
Y03171,0
Y03174,0
Y03179,0
Y03185,0
Y03190,0
Y03191,0
Y03192,0
Y03193,0
Y03194,0
Y03195,0
Y03201,0
Y03202,0
Y03203,0
Y03204,0
Y03206,0
Y03207,0
Y03208,0
Y03209,0
Y03210,0
Y03211,0
Y03212,0
Y03213,0
Y03214,0
Y03215,0
Y03217,0
Y03218,0
Y03219,0
Y03220,0
Y03221,0
Y03222,0
Y03223,0
Y03225,0
Y03228,0
Y03231,0
Y03234,0
Y03241,0
Y03242,0
Y03243,0
Y03244,0
Y03247,0
Y03248,0
Y03249,0
Y03250,0
Y03251,0
Y03252,0
Y03253,0
Y03254,0
Y03255,0
Y03259,0
Y03260,0
Y03261,0
Y03263,0
Y03265,0
Y03266,0
Y03267,0
Y03268,0
Y03272,0
Y03274,0
Y03283,0
Y03285,0
Y03287,0
Y03289,0
Y03291,0
Y03294,0
Y03296,0
Y03297,0
Y03298,0
Y03299,0
Y03302,0
Y03303,0
Y03304,0
Y03306,0
Y03307,0
Y03312,0
Y03313,0
Y03314,0
Y03315,0
Y03316,0
Y03317,0
Y03321,0
Y03322,0
Y03323,0
Y03325,0
Y03327,0
Y03328,0
Y03331,0
Y03336,0
Y03337,0
Y03339,0
Y03340,0
Y03341,0
Y03342,0
Y03343,0
Y03344,0
Y03345,0
Y03346,0
Y03347,0
Y03348,0
Y03349,0
Y03350,0
Y03351,0
Y03352,0
Y03353,0
Y03354,0
Y03355,0
Y03356,0
Y03357,0
Y03358,0
Y03359,0
Y03360,0
Y03361,0
Y03362,0
Y03363,0
Y03364,0
Y03365,0
Y03366,0
Y03369,0
Y03370,0
Y03371,0
Y03372,0
Y03374,0
Y03375,0
Y03376,0
Y03377,0
Y03378,0
Y03379,0
Y03380,0
Y03381,0
Y03382,0
Y03383,0
Y03385,0
Y03386,0
Y03387,0
Y03389,0
Y03390,0
Y03391,0
Y03392,0
Y03393,0
Y03394,0
Y03395,0
Y03397,0
Y03398,0
Y03399,0
Y03400,0
Y03401,0
Y03402,0
Y03403,0
Y03404,0
Y03405,0
Y03406,0
Y03407,0
Y03408,0
Y03410,0
Y03412,0
Y03413,0
Y03414,0
Y03416,0
Y03417,0
Y03418,0
Y03419,0
Y03421,0
Y03422,0
Y03423,0
Y03424,0
Y03428,0
Y03432,0
Y03433,0
Y03434,0
Y03435,0
Y03438,0
Y03439,0
Y03441,0
Y03442,0
Y03444,0
Y03447,0
Y03448,0
Y03450,0
Y03451,0
Y03452,0
Y03453,0
Y03454,0
Y03455,0
Y03456,0
Y03457,0
Y03458,0
Y03459,0
Y03461,0
Y03462,0
Y03465,0
Y03466,0
Y03467,0
Y03468,0
Y03469,0
Y03471,0
Y03472,0
Y03474,0
Y03476,0
Y03477,0
Y03479,0
Y03480,0
Y03482,0
Y03483,0
Y03484,0
Y03486,0
Y03487,0
Y03488,0
Y03489,0
Y03490,0
Y03491,0
Y03492,0
Y03493,0
Y03494,0
Y03495,0
Y03496,0
Y03497,0
Y03498,0
Y03499,0
Y03500,0
Y03502,0
Y03504,0
Y03505,0
Y03506,0
Y03507,0
Y03508,0
Y03509,0
Y03510,0
Y03513,0
Y03514,0
Y03515,0
Y03517,0
Y03519,0
Y03520,0
Y03521,0
Y03522,0
Y03523,0
Y03527,0
Y03528,0
Y03529,0
Y03530,0
Y03531,0
Y03532,0
Y03533,0
Y03534,0
Y03535,0
Y03536,0
Y03537,0
Y03538,0
Y03539,0
Y03540,0
Y03541,0
Y03545,0
Y03546,0
Y03547,0
Y03548,0
Y03550,0
Y03551,0
Y03552,0
Y03553,0
Y03554,0
Y03555,0
Y03556,0
Y03557,0
Y03558,0
Y03560,0
Y03561,0
Y03563,0
Y03564,0
Y03567,0
Y03568,0
Y03569,0
Y03570,0
Y03571,0
Y03572,0
Y03573,0
Y03574,0
Y03575,0
Y03576,0
Y03578,0
Y03579,0
Y03580,0
Y03581,0
Y03582,0
Y03583,0
Y03584,0
Y03585,0
Y03586,0
Y03587,0
Y03588,0
Y03590,0
Y03591,0
Y03592,0
Y03593,0
Y03594,0
Y03595,0
Y03596,0
Y03597,0
Y03598,0
Y03600,0
Y03601,0
Y03602,3928
Y03604,0
Y03605,0
Y03608,0
Y03609,0
Y03610,0
Y03611,0
Y03614,0
Y03615,0
Y03616,0
Y03617,0
Y03618,0
Y03619,0
Y03620,0
Y03622,0
Y03623,0
Y03624,0
Y03627,0
Y03629,0
Y03631,0
Y03632,0
Y03633,0
Y03634,0
Y03635,0
Y03636,0
Y03637,0
Y03638,0
Y03639,0
Y03640,0
Y03641,0
Y03642,0
Y03643,0
Y03645,0
Y03646,0
Y03647,0
Y03648,0
Y03649,0
Y03651,0
Y03653,0
Y03654,0
Y03655,0
Y03656,0
Y03658,0
Y03659,0
Y03660,0
Y03661,0
Y03662,0
Y03663,0
Y03664,0
Y03665,0
Y03666,0
Y03667,0
Y03668,0
Y03670,0
Y03671,0
Y03700,0
Y03701,0
Y03702,0
Y03703,0
Y03704,0
Y03705,0
Y03706,0
Y03707,0
Y03708,0
Y03709,0
Y03711,0
Y03712,0
Y03713,0
Y03714,0
Y03715,0
Y03723,0
Y03724,0
Y03725,0
Y03726,0
Y03727,0
Y03728,0
Y03729,0
Y03730,0
Y03731,0
Y03732,0
Y03733,0
Y03734,0
Y03735,0
Y03736,0
Y03737,0
Y03738,0
Y03739,0
Y03740,0
Y03741,0
Y03742,0
Y03743,0
Y03744,0
Y03745,0
Y03746,0
Y03747,0
Y03750,0
Y03751,0
Y03752,0
Y03753,0
Y03754,0
Y03755,0
Y03756,0
Y03757,0
Y03758,0
Y03760,0
Y03761,0
Y03762,0
Y03763,0
Y03765,0
Y03766,0
Y03767,0
Y03768,0
Y03769,0
Y03770,0
Y03771,0
Y03772,0
Y03773,0
Y03774,0
Y03775,0
Y03776,0
Y03777,0
Y03778,0
Y03779,0
Y03780,0
Y03781,0
Y03782,0
Y03783,0
Y03784,0
Y03785,0
Y03786,0
Y03787,0
Y03788,0
Y03789,0
Y03790,0
Y03791,0
Y03792,0
Y03793,0
Y03794,0
Y03795,0
Y03796,0
Y03797,0
Y03798,0
Y03799,0
Y03800,0
Y03801,0
Y03802,0
Y03803,0
Y03804,0
Y03805,0
Y03806,0
Y03807,0
Y03808,0
Y03809,0
Y03810,0
Y03811,0
Y03812,0
Y03813,0
Y03814,0
Y03815,0
Y03816,0
Y03817,0
Y03818,0
Y03819,0
Y03820,0
Y03821,0
Y03822,0
Y03823,0
Y03824,0
Y03825,0
Y03826,0
Y03827,0
Y03830,0
Y03831,0
Y03832,0
Y03833,0
Y03834,0
Y03835,0
Y03836,0
Y03837,0
Y03838,0
Y03839,0
Y03840,0
Y03841,0
Y03842,0
Y03843,0
Y03844,0
Y03845,0
Y03846,0
Y03847,0
Y03848,0
Y03849,0
Y03850,0
Y03851,0
Y03852,0
Y03853,0
Y03854,0
Y03855,0
Y03856,0
Y03857,0
Y03858,0
Y03859,0
Y03860,0
Y03861,0
Y03863,0
Y03864,0
Y03865,0
Y03866,0
Y03867,0
Y03868,0
Y03870,0
Y03871,0
Y03873,0
Y03874,0
Y03875,0
Y03876,0
Y03877,0
Y03878,0
Y03879,0
Y03880,0
Y03881,0
Y03882,0
Y03883,0
Y03884,0
Y03885,0
Y03886,0
Y03887,0
Y03888,0
Y03889,0
Y03890,0
Y03891,0
Y03892,0
Y03893,0
Y03894,0
Y03895,0
Y03896,0
Y03897,0
Y03898,0
Y03899,0
Y03900,0
Y03901,0
Y03902,0
Y03903,0
Y03904,0
Y03905,0
Y03906,0
Y03907,0
Y03908,0
Y03909,0
Y03910,0
Y03911,0
Y03912,0
Y03913,0
Y03914,0
Y03915,0
Y03916,0
Y03917,0
Y03918,0
Y03919,0
Y03920,0
Y03921,0
Y03922,0
Y03923,0
Y03924,0
Y03925,0
Y03926,0
Y03927,0
Y03928,0
Y03929,0
Y03930,0
Y03931,0
Y03932,0
Y03933,0
Y03934,0
Y03935,0
Y03936,0
Y03937,0
Y03938,0
Y03939,0
Y03940,0
Y03941,0
Y03942,0
Y03943,0
Y03944,0
Y03945,0
Y03946,0
Y03947,0
Y03948,0
Y03949,0
Y03950,0
Y03951,0
Y03953,0
Y03954,0
Y03955,0
Y03956,0
Y03957,0
Y03958,0
Y03959,0
Y03960,0
Y03962,0
Y03963,0
Y03965,0
Y03966,0
Y03967,0
Y03968,0
Y03970,0
Y03971,0
Y03972,0
Y03973,0
Y03974,0
Y03975,0
Y03976,0
Y03977,0
Y03978,0
Y03979,0
Y03980,0
Y03982,0
Y03983,0
Y04007,0
Y04016,0
Y04018,0
Y04019,0
Y04021,0
Y04022,0
Y04023,0
Y04024,0
Y04026,0
Y04027,0
Y04028,0
Y04029,0
Y04030,0
Y04031,0
Y04032,0
Y04033,0
Y04034,0
Y04035,0
Y04036,0
Y04037,0
Y04045,0
Y04048,0
Y04049,0
Y04050,0
Y04051,0
Y04052,0
Y04053,0
Y04054,0
Y04055,0
Y04057,0
Y04058,0
Y04059,0
Y04061,0
Y04062,0
Y04063,0
Y04064,0
Y04065,0
Y04066,0
Y04067,0
Y04068,0
Y04069,0
Y04070,0
Y04072,0
Y04073,0
Y04074,0
Y04076,0
Y04077,0
Y04078,0
Y04079,0
Y04080,0
Y04081,0
Y04082,0
Y04083,0
Y04084,0
Y04085,0
Y04086,0
Y04087,0
Y04089,0
Y04090,0
Y04091,0
Y04092,0
Y04093,0
Y04094,0
Y04095,0
Y04096,0
Y04097,0
Y04098,0
Y04099,0
Y04100,0
Y04101,0
Y04102,0
Y04103,0
Y04104,0
Y04105,0
Y04106,0
Y04107,0
Y04108,0
Y04109,0
Y04110,0
Y04112,0
Y04113,0
Y04114,0
Y04115,0
Y04116,0
Y04117,0
Y04118,0
Y04119,0
Y04120,0
Y04121,0
Y04122,0
Y04123,0
Y04124,0
Y04125,0
Y04126,0
Y04127,0
Y04128,0
Y04129,0
Y04130,0
Y04131,0
Y04133,0
Y04134,0
Y04136,0
Y04137,0
Y04138,0
Y04139,0
Y04140,0
Y04141,0
Y04142,0
Y04143,0
Y04144,0
Y04145,0
Y04147,0
Y04148,0
Y04151,0
Y04152,0
Y04154,0
Y04155,0
Y04156,0
Y04157,0
Y04158,0
Y04159,0
Y04160,0
Y04161,0
Y04162,0
Y04163,0
Y04164,0
Y04165,0
Y04166,0
Y04167,0
Y04169,0
Y04170,0
Y04171,0
Y04172,0
Y04173,0
Y04174,0
Y04175,0
Y04176,0
Y04177,0
Y04178,0
Y04179,0
Y04180,0
Y04181,0
Y04182,0
Y04183,0
Y04184,0
Y04185,0
Y04186,0
Y04187,0
Y04188,0
Y04189,0
Y04190,0
Y04191,0
Y04192,0
Y04193,0
Y04194,0
Y04195,0
Y04197,0
Y04198,0
Y04201,0
Y04202,0
Y04203,0
Y04204,0
Y04205,0
Y04206,0
Y04208,0
Y04209,0
Y04210,0
Y04211,0
Y04212,0
Y04213,0
Y04214,0
Y04215,0
Y04216,0
Y04217,0
Y04218,0
Y04219,0
Y04220,0
Y04221,0
Y04222,0
Y04223,0
Y04224,0
Y04225,0
Y04226,0
Y04227,0
Y04228,0
Y04229,0
Y04230,0
Y04231,0
Y04232,0
Y04233,0
Y04234,0
Y04235,0
Y04236,0
Y04237,0
Y04238,0
Y04239,0
Y04240,0
Y04241,0
Y04242,0
Y04243,0
Y04244,0
Y04245,0
Y04248,0
Y04249,0
Y04250,0
Y04251,0
Y04255,0
Y04256,0
Y04257,0
Y04258,0
Y04259,0
Y04260,0
Y04262,0
Y04263,0
Y04264,0
Y04265,0
Y04266,0
Y04267,0
Y04268,0
Y04269,0
Y04270,0
Y04271,0
Y04272,0
Y04273,0
Y04274,0
Y04275,0
Y04276,0
Y04277,0
Y04278,0
Y04281,0
Y04282,0
Y04283,0
Y04284,0
Y04285,0
Y04286,0
Y04287,0
Y04288,0
Y04289,0
Y04290,0
Y04291,0
Y04292,0
Y04293,0
Y04294,0
Y04295,0
Y04296,0
Y04297,0
Y04298,0
Y04299,0
Y04300,0
Y04301,0
Y04302,0
Y04303,0
Y04306,0
Y04307,0
Y04308,0
Y04309,0
Y04310,0
Y04311,0
Y04312,0
Y04313,0
Y04314,0
Y04315,0
Y04316,0
Y04317,0
Y04318,0
Y04319,0
Y04320,0
Y04321,0
Y04322,0
Y04323,0
Y04324,0
Y04325,0
Y04326,0
Y04327,0
Y04328,0
Y04329,0
Y04330,0
Y04331,0
Y04332,0
Y04333,0
Y04334,0
Y04336,0
Y04337,0
Y04338,0
Y04340,0
Y04343,0
Y04344,0
Y04345,0
Y04346,0
Y04347,0
Y04348,0
Y04349,0
Y04350,0
Y04351,0
Y04352,0
Y04353,0
Y04354,0
Y04355,0
Y04358,0
Y04359,0
Y04360,0
Y04361,0
Y04362,0
Y04364,0
Y04365,0
Y04366,0
Y04367,0
Y04368,0
Y04369,0
Y04370,0
Y04371,0
Y04372,0
Y04373,0
Y04374,0
Y04375,0
Y04376,0
Y04377,0
Y04378,0
Y04379,0
Y04380,0
Y04381,0
Y04382,0
Y04383,0
Y04384,0
Y04385,0
Y04386,0
Y04387,0
Y04388,0
Y04389,0
Y04390,0
Y04391,0
Y04392,0
Y04393,0
Y04394,0
Y04395,0
Y04396,0
Y04397,0
Y04399,0
Y04400,0
Y04401,0
Y04402,0
Y04403,0
Y04404,0
Y04405,0
Y04406,0
Y04407,0
Y04408,0
Y04409,0
Y04410,0
Y04411,0
Y04412,0
Y04413,0
Y04414,0
Y04415,0
Y04416,0
Y04417,0
Y04418,0
Y04419,0
Y04421,0
Y04422,0
Y04423,0
Y04424,0
Y04425,0
Y04426,0
Y04428,0
Y04429,0
Y04431,0
Y04432,0
Y04433,0
Y04434,0
Y04435,0
Y04436,0
Y04437,0
Y04438,0
Y04441,0
Y04442,0
Y04443,0
Y04444,0
Y04445,0
Y04446,0
Y04447,0
Y04448,0
Y04449,0
Y04450,0
Y04451,0
Y04452,0
Y04453,0
Y04454,0
Y04456,0
Y04457,0
Y04458,0
Y04459,0
Y04460,0
Y04461,0
Y04462,0
Y04463,0
Y04464,0
Y04465,0
Y04466,0
Y04467,0
Y04470,0
Y04471,0
Y04472,0
Y04473,0
Y04474,0
Y04475,0
Y04476,0
Y04477,0
Y04478,0
Y04479,0
Y04481,0
Y04482,0
Y04483,0
Y04484,0
Y04485,0
Y04486,0
Y04487,0
Y04488,0
Y04489,0
Y04491,0
Y04493,0
Y04494,0
Y04495,0
Y04497,0
Y04498,0
Y04499,0
Y04501,0
Y04502,0
Y04503,0
Y04504,0
Y04505,0
Y04506,0
Y04507,0
Y04512,0
Y04513,0
Y04514,0
Y04515,0
Y04516,0
Y04518,0
Y04519,0
Y04520,0
Y04521,0
Y04522,0
Y04523,0
Y04524,0
Y04525,0
Y04526,0
Y04527,0
Y04528,0
Y04529,0
Y04530,0
Y04531,0
Y04532,0
Y04534,0
Y04535,0
Y04536,0
Y04537,0
Y04538,0
Y04539,0
Y04541,0
Y04542,0
Y04543,0
Y04546,0
Y04547,0
Y04548,0
Y04549,0
Y04550,0
Y04551,0
Y04552,0
Y04553,0
Y04554,0
Y04555,0
Y04556,0
Y04557,0
Y04558,0
Y04561,0
Y04562,0
Y04563,0
Y04564,0
Y04565,0
Y04566,0
Y04567,0
Y04568,0
Y04569,0
Y04570,0
Y04571,0
Y04572,0
Y04573,0
Y04574,0
Y04575,0
Y04576,0
Y04577,0
Y04578,0
Y04579,0
Y04580,0
Y04581,0
Y04582,0
Y04583,0
Y04584,0
Y04585,0
Y04586,0
Y04587,0
Y04588,0
Y04589,0
Y04590,0
Y04591,0
Y04592,0
Y04593,0
Y04594,0
Y04595,0
Y04596,0
Y04597,0
Y04599,0
Y04600,0
Y04601,0
Y04602,0
Y04603,0
Y04604,0
Y04605,0
Y04606,0
Y04607,0
Y04608,0
Y04609,0
Y04610,0
Y04611,0
Y04612,0
Y04613,0
Y04614,0
Y04615,0
Y04616,0
Y04617,0
Y04618,0
Y04619,0
Y04620,0
Y04621,0
Y04622,0
Y04623,0
Y04625,0
Y04626,0
Y04627,0
Y04628,0
Y04629,0
Y04630,0
Y04631,0
Y04632,0
Y04633,0
Y04634,0
Y04635,0
Y04636,0
Y04637,0
Y04638,0
Y04639,0
Y04640,0
Y04641,0
Y04642,0
Y04643,0
Y04645,0
Y04646,0
Y04647,0
Y04648,0
Y04649,0
Y04651,0
Y04654,0
Y04655,0
Y04656,0
Y04657,0
Y04658,0
Y04659,0
Y04661,0
Y04662,0
Y04664,0
Y04665,0
Y04666,0
Y04667,0
Y04668,0
Y04669,0
Y04670,0
Y04671,0
Y04672,0
Y04673,0
Y04674,0
Y04675,0
Y04677,0
Y04679,0
Y04680,0
Y04681,0
Y04682,0
Y04683,0
Y04684,0
Y04685,0
Y04686,0
Y04687,0
Y04688,0
Y04689,0
Y04690,0
Y04691,0
Y04692,0
Y04693,0
Y04695,0
Y04696,0
Y04697,0
Y04698,0
Y04699,0
Y04700,0
Y04701,0
Y04702,0
Y04703,0
Y04704,0
Y04705,0
Y04706,0
Y04707,0
Y04708,0
Y04709,0
Y04710,0
Y04711,0
Y04712,0
Y04713,0
Y04714,0
Y04716,0
Y04717,0
Y04718,0
Y04719,0
Y04720,0
Y04721,0
Y04722,0
Y04723,0
Y04724,0
Y04725,0
Y04726,0
Y04727,0
Y04728,0
Y04729,0
Y04730,0
Y04731,0
Y04732,0
Y04733,0
Y04734,0
Y04735,0
Y04736,0
Y04738,0
Y04739,0
Y04740,0
Y04741,0
Y04742,0
Y04743,0
Y04744,0
Y04745,0
Y04746,0
Y04747,0
Y04748,0
Y04749,0
Y04750,0
Y04751,0
Y04752,0
Y04753,0
Y04754,0
Y04755,0
Y04756,0
Y04757,0
Y04758,0
Y04759,0
Y04760,0
Y04761,0
Y04762,0
Y04763,0
Y04764,0
Y04765,0
Y04766,0
Y04767,0
Y04768,0
Y04769,0
Y04770,0
Y04771,0
Y04772,0
Y04773,0
Y04774,0
Y04775,0
Y04776,0
Y04777,0
Y04778,0
Y04779,0
Y04780,0
Y04781,0
Y04782,0
Y04783,0
Y04784,0
Y04785,0
Y04786,0
Y04787,0
Y04788,0
Y04789,0
Y04790,0
Y04791,0
Y04792,0
Y04793,0
Y04794,0
Y04795,0
Y04796,0
Y04797,0
Y04798,0
Y04799,0
Y04801,0
Y04802,0
Y04803,0
Y04804,0
Y04805,0
Y04806,0
Y04807,0
Y04808,0
Y04809,0
Y04810,0
Y04811,0
Y04812,0
Y04813,0
Y04814,0
Y04816,0
Y04817,0
Y04818,0
Y04827,0
Y04828,0
Y04830,0
Y04831,0
Y04832,0
Y04833,0
Y04834,0
Y04835,0
Y04836,0
Y04837,0
Y04838,0
Y04839,0
Y04840,0
Y04841,0
Y04842,0
Y04843,0
Y04844,0
Y04845,0
Y04846,0
Y04847,0
Y04848,0
Y04849,0
Y04850,0
Y04851,0
Y04852,0
Y04853,0
Y04854,0
Y04855,0
Y04856,0
Y04857,0
Y04858,0
Y04859,0
Y04860,0
Y04861,0
Y04862,0
Y04863,0
Y04864,0
Y04865,0
Y04866,0
Y04867,0
Y04868,0
Y04869,0
Y04870,0
Y04871,0
Y04872,0
Y04873,0
Y04874,0
Y04875,0
Y04876,0
Y04877,0
Y04878,0
Y04879,0
Y04880,0
Y04881,0
Y04882,0
Y04883,0
Y04884,0
Y04885,0
Y04886,0
Y04888,0
Y04889,0
Y04890,0
Y04893,0
Y04894,0
Y04896,0
Y04898,0
Y04899,0
Y04900,0
Y04901,0
Y04902,0
Y04903,0
Y04904,0
Y04905,0
Y04906,0
Y04907,0
Y04908,0
Y04909,0
Y04910,0
Y04911,0
Y04912,0
Y04913,0
Y04914,0
Y04915,0
Y04916,0
Y04917,0
Y04918,0
Y04919,0
Y04920,0
Y04921,0
Y04922,0
Y04923,0
Y04924,0
Y04925,0
Y04926,0
Y04927,0
Y04928,0
Y04929,0
Y04930,0
Y04931,0
Y04932,0
Y04933,0
Y04934,0
Y04935,0
Y04936,0
Y04937,0
Y04938,0
Y04939,0
Y04940,0
Y04941,0
Y04942,0
Y04943,0
Y04944,0
Y04945,0
Y04946,0
Y04947,0
Y04948,0
Y04949,0
Y04950,0
Y04951,0
Y04952,0
Y04953,0
Y04954,0
Y04955,0
Y04956,0
Y04957,0
Y04958,0
Y04959,0
Y04960,0
Y04961,0
Y04962,0
Y04963,0
Y04964,0
Y04965,0
Y04966,0
Y04967,0
Y04968,0
Y04969,0
Y04970,0
Y04971,0
Y04972,0
Y04973,0
Y04974,0
Y04975,0
Y04976,0
Y04977,0
Y04978,0
Y04979,0
Y04980,0
Y04981,0
Y04982,0
Y04983,0
Y04984,0
Y04985,0
Y04987,0
Y04988,0
Y04989,0
Y04990,0
Y04991,0
Y04992,0
Y04993,0
Y04994,0
Y04995,0
Y04996,0
Y04997,0
Y04999,0
Y05000,0
Y05001,0
Y05002,0
Y05003,0
Y05004,0
Y05005,0
Y05006,0
Y05008,0
Y05009,0
Y05010,0
Y05011,0
Y05012,0
Y05013,0
Y05014,0
Y05015,0
Y05017,0
Y05018,0
Y05019,0
Y05020,0
Y05022,0
Y05023,0
Y05024,0
Y05025,0
Y05026,0
Y05027,0
Y05028,0
Y05029,0
Y05030,0
Y05031,0
Y05032,0
Y05033,0
Y05034,0
Y05035,0
Y05036,0
Y05037,0
Y05038,0
Y05039,0
Y05040,0
Y05041,0
Y05042,0
Y05043,0
Y05044,0
Y05045,0
Y05046,0
Y05047,0
Y05048,0
Y05049,0
Y05050,0
Y05051,0
Y05052,0
Y05053,0
Y05054,0
Y05055,0
Y05056,0
Y05060,0
Y05061,0
Y05062,0
Y05063,0
Y05064,0
Y05065,0
Y05066,0
Y05068,0
Y05069,0
Y05070,0
Y05071,0
Y05072,0
Y05073,0
Y05074,0
Y05075,0
Y05076,0
Y05077,0
Y05078,0
Y05079,0
Y05080,0
Y05081,0
Y05082,0
Y05083,0
Y05084,0
Y05085,0
Y05088,0
Y05089,0
Y05090,0
Y05091,0
Y05092,0
Y05093,0
Y05094,0
Y05095,0
Y05096,0
Y05097,0
Y05100,0
Y05102,0
Y05103,0
Y05104,0
Y05105,0
Y05106,0
Y05107,0
Y05108,0
Y05109,0
Y05110,0
Y05111,0
Y05112,0
Y05113,0
Y05114,0
Y05115,0
Y05116,0
Y05117,0
Y05118,0
Y05119,0
Y05120,0
Y05121,0
Y05122,0
Y05123,0
Y05124,0
Y05125,0
Y05126,0
Y05127,0
Y05128,0
Y05129,0
Y05130,0
Y05131,0
Y05132,0
Y05133,0
Y05134,0
Y05135,0
Y05136,0
Y05137,0
Y05138,0
Y05139,0
Y05140,0
Y05141,0
Y05142,0
Y05143,0
Y05144,0
Y05145,0
Y05146,0
Y05147,0
Y05148,0
Y05150,0
Y05151,0
Y05152,0
Y05153,0
Y05154,0
Y05155,0
Y05156,0
Y05157,0
Y05158,0
Y05159,0
Y05160,0
Y05161,0
Y05162,0
Y05163,0
Y05164,0
Y05165,0
Y05166,0
Y05167,0
Y05168,0
Y05169,0
Y05170,0
Y05171,0
Y05172,0
Y05173,0
Y05174,0
Y05175,0
Y05176,0
Y05177,0
Y05178,0
Y05179,0
Y05180,0
Y05181,0
Y05182,0
Y05183,0
Y05184,0
Y05185,0
Y05186,0
Y05187,0
Y05188,0
Y05189,0
Y05190,0
Y05191,0
Y05192,0
Y05193,0
Y05194,0
Y05195,0
Y05196,0
Y05197,0
Y05198,0
Y05199,0
Y05200,0
Y05201,0
Y05202,0
Y05203,0
Y05204,0
Y05205,0
Y05206,0
Y05207,0
Y05208,0
Y05209,0
Y05210,0
Y05211,0
Y05212,0
Y05213,0
Y05214,0
Y05215,0
Y05216,0
Y05217,0
Y05218,0
Y05219,0
Y05220,0
Y05221,0
Y05222,0
Y05223,0
Y05224,0
Y05225,0
Y05226,0
Y05227,0
Y05228,0
Y05229,0
Y05230,0
Y05231,0
Y05232,0
Y05233,0
Y05234,0
Y05235,0
Y05236,0
Y05237,0
Y05238,0
Y05239,0
Y05240,0
Y05241,0
Y05242,0
Y05243,0
Y05244,0
Y05245,0
Y05246,0
Y05247,0
Y05248,0
Y05249,0
Y05250,0
Y05251,0
Y05252,0
Y05253,0
Y05254,0
Y05255,0
Y05256,0
Y05257,0
Y05258,0
Y05259,0
Y05260,0
Y05261,0
Y05262,0
Y05263,0
Y05264,0
Y05265,0
Y05266,0
Y05267,0
Y05268,0
Y05269,0
Y05270,0
Y05271,0
Y05272,0
Y05273,0
Y05274,0
Y05275,0
Y05276,0
Y05277,0
Y05278,0
Y05279,0
Y05280,0
Y05281,0
Y05282,0
Y05283,0
Y05284,0
Y05285,0
Y05286,0
Y05287,0
Y05288,0
Y05289,0
Y05290,0
Y05291,0
Y05292,0
Y05293,0
Y05294,0
Y05295,0
Y05296,0
Y05297,0
Y05298,0
Y05299,0
Y05300,0
Y05301,0
Y05302,0
Y05303,0
Y05304,0
Y05305,0
Y05306,0
Y05307,0
Y05308,0
Y05309,0
Y05310,0
Y05311,0
Y05312,0
Y05313,0
Y05314,0
Y05315,0
Y05316,0
Y05317,0
Y05318,0
Y05319,0
Y05320,0
Y05321,0
Y05322,0
Y05324,0
Y05325,0
Y05326,0
Y05327,0
Y05328,0
Y05329,0
Y05330,0
Y05331,0
Y05332,0
Y05333,0
Y05334,0
Y05335,0
Y05336,0
Y05337,0
Y05339,0
Y05340,0
Y05341,0
Y05342,0
Y05343,0
Y05344,0
Y05345,0
Y05346,0
Y05347,0
Y05348,0
Y05349,0
Y05350,0
Y05351,0
Y05352,0
Y05353,0
Y05354,0
Y05355,0
Y05356,0
Y05357,0
Y05358,0
Y05359,0
Y05360,0
Y05361,0
Y05362,0
Y05363,0
Y05364,0
Y05365,0
Y05366,0
Y05367,0
Y05368,0
Y05369,0
Y05370,0
Y05371,0
Y05372,0
Y05373,0
Y05374,0
Y05375,0
Y05376,0
Y05377,0
Y05378,0
Y05379,0
Y05380,0
Y05381,0
Y05382,0
Y05383,0
Y05384,0
Y05386,0
Y05387,0
Y05388,0
Y05389,0
Y05390,0
Y05391,0
Y05392,0
Y05393,0
Y05394,0
Y05395,0
Y05396,0
Y05397,0
Y05398,0
Y05399,0
Y05400,0
Y05401,0
Y05402,0
Y05403,0
Y05404,0
Y05405,0
Y05406,0
Y05407,0
Y05408,0
Y05409,0
Y05410,0
Y05411,0
Y05412,0
Y05413,0
Y05414,0
Y05415,0
Y05417,0
Y05418,0
Y05419,0
Y05420,0
Y05421,0
Y05422,0
Y05423,0
Y05424,0
Y05425,0
Y05426,0
Y05427,0
Y05428,0
Y05429,0
Y05430,0
Y05431,0
Y05432,0
Y05433,0
Y05434,0
Y05435,0
Y05436,0
Y05437,0
Y05438,0
Y05439,0
Y05440,0
Y05441,0
Y05442,0
Y05443,0
Y05444,0
Y05445,0
Y05446,0
Y05447,0
Y05448,0
Y05449,0
Y05450,0
Y05451,0
Y05452,0
Y05453,0
Y05454,0
Y05455,0
Y05456,0
Y05457,0
Y05458,0
Y05459,0
Y05460,0
Y05461,0
Y05462,0
Y05463,0
Y05464,0
Y05465,0
Y05466,0
Y05467,0
Y05468,0
Y05469,0
Y05470,0
Y05471,0
Y05472,0
Y05473,0
Y05474,0
Y05475,0
Y05476,0
Y05477,0
Y05478,0
Y05479,0
Y05480,0
Y05481,0
Y05482,0
Y05483,0
Y05484,0
Y05485,0
Y05486,0
Y05487,0
Y05488,0
Y05489,0
Y05490,0
Y05491,0
Y05492,0
Y05493,0
Y05494,0
Y05495,0
Y05496,0
Y05497,0
Y05498,0
Y05499,0
Y05500,0
Y05501,0
Y05502,0
Y05503,0
Y05504,0
Y05505,0
Y05506,0
Y05507,0
Y05508,0
Y05509,0
Y05510,0
Y05511,0
Y05512,0
Y05513,0
Y05514,0
Y05515,0
Y05516,0
Y05517,0
Y05518,0
Y05519,0
Y05520,0
Y05521,0
Y05522,0
Y05523,0
Y05524,0
Y05525,0
Y05526,0
Y05527,0
Y05528,0
Y05529,0
Y05530,0
Y05531,0
Y05532,0
Y05533,0
Y05534,0
Y05535,0
Y05536,0
Y05537,0
Y05538,0
Y05539,0
Y05540,0
Y05541,0
Y05542,0
Y05543,0
Y05544,0
Y05545,0
Y05546,0
Y05547,0
Y05548,0
Y05549,0
Y05550,0
Y05551,0
Y05552,0
Y05553,0
Y05554,0
Y05555,0
Y05556,0
Y05557,0
Y05558,0
Y05559,0
Y05560,0
Y05561,0
Y05562,0
Y05563,0
Y05564,0
Y05565,0
Y05566,0
Y05567,0
Y05568,0
Y05569,0
Y05570,0
Y05571,0
Y05572,0
Y05573,0
Y05574,0
Y05575,0
Y05576,0
Y05577,0
Y05578,0
Y05579,0
Y05580,0
Y05581,0
Y05582,0
Y05583,0
Y05584,0
Y05585,0
Y05586,0
Y05587,0
Y05588,0
Y05589,0
Y05590,0
Y05591,0
Y05592,0
Y05593,0
Y05594,0
Y05595,0
Y05596,0
Y05597,0
Y05598,0
Y05599,0
Y05600,0
Y05601,0
Y05602,0
Y05603,0
Y05604,0
Y05605,0
Y05606,0
Y05607,0
Y05608,0
Y05609,0
Y05610,0
Y05611,0
Y05612,0
Y05613,0
Y05614,0
Y05615,0
Y05616,0
Y05617,0
Y05618,0
Y05619,0
Y05620,0
Y05621,0
Y05623,0
Y05624,0
Y05625,0
Y05626,0
Y05627,0
Y05628,0
Y05629,0
Y05630,0
Y05631,0
Y05632,0
Y05633,0
Y05634,0
Y05635,0
Y05636,0
Y05637,0
Y05638,0
Y05639,0
Y05640,0
Y05641,0
Y05642,0
Y05643,0
Y05644,0
Y05645,0
Y05646,0
Y05647,0
Y05648,0
Y05649,0
Y05650,0
Y05651,0
Y05652,0
Y05653,0
Y05654,0
Y05655,0
Y05656,0
Y05659,0
Y05660,0
Y05661,0
Y05662,0
Y05667,0
Y05669,0
Y05670,0
Y05671,0
Y05677,0
Y05678,0
Y05681,0
Y05684,0
Y05693,0
Y05694,0
Y05695,0
